Sr. No.,Student Full Name,E Mail ID,Roll No.
1,Nilesh bhat,crce.9946.ce@gmail.com,9946
2,Jude Cardoza,crce.9948.ceb@gmail.com,9948
3,Ankit Kumar,crce.9971.ce@gmail.com,9971
4,Siddhi Sanjay Alat,crce.10226.ceb@gmail.com,10226
5,Ashley John Almeida,crce10227ceb@gmail.com,10227
6,Aayush Parshuram Belamkar,crce.10228.ce.b@gmail.com,10228
7,Tanish Uttam Belel,crce.10229.ceb@gmail.com,10229
8,Vishwaa Sanjay Bhende,crce.10230.ceb@gmail.com,10230
9,Jaden Samson Britto,crce.10231.ceb@gmail.com,10231
10,Kshant Michael Carvalho,crce.10232.ceb@gmail.com,10232
11,Vivian Castelino,crce.10233.ceb@gmail.com,10233
12,Naomi Coutinho,crce.10234.ceb@gmail.com,10234
13,Sarah Rhema Dayal,crce.10235@gmail.com,10235
14,Valentino Dansal D'cruz,crce.10236.ceb@gmail.com,10236
15,Ishwari Devidas Deore,crce.10237.ceb@gmail.com,10237
16,Risa Vilas Dias,crce.10238.ceb@gmail.com,10238
17,Ziya Olwin Dias,crce.10239.ceb@gmail.com,10239
18,Lir Robert Dmonte,crce.10240.ceb@gmail.com,10240
19,Royce Charles Dmonte,crce.10241.ceb1@gmail.com,10241
20,Ralph Joseph Dsouza,crce.10242.ceb@gmail.com,10242
21,Vibhav Dwivedi,crce.10243.ceb@gmail.com,10243
22,CHRIS ANTHONY FERNANDES,crce.10244.ceb@gmail.com,10244
23,Rochelle Francis Fernandes,crce.10245.ceb@gmail.com,10245
24,Jason James Gonsalves,crce.10246.ceb@gmail.com,10246
25,Anshu Kapil Jadhav,crce.10247.ceb@gmail.com,10247
26,Aditya jha,crce.10248.ceb@gmail.com,10248
27,Joel Shaji,crce.10249.ceb@gmail.com,10249
28,Swarali Vilas Kalamkar,crce.10250.ceb@gmail.com,10250
29,Samruddhi Sukhdev Kanade,crce.10251.ceb@gmail.com,10251
30,Muhaz Mustufa Kazi,crce.10252.ceb@gmail.com,10252
31,Ojas Umakant Keni,crce.10253.ce@gmail.com,10253
32,Adnan Ajmal Khan,crce.10254.ceb@gmail.com,10254
33,Dhaval Dilesh Khandhadia,crce.10255.ceb@gmail.com,10255
34,Ameya Amar Korba,crce.10256.ceb@gmail.com,10256
35,Nathasha Wilson Lewis,crce.10257.ceb@gmail.com,10257
36,Dylan Mascarenhas,crce.10258.ceb@gmail.com,10258
37,Nishant Satish Maurya,crce.10259.ceb@gmail.com,10259
38,Swayam Pramod Mishra,crce.10260.ceb@gmail.com,10260
39,Nathan Boniface Murzello,crce.10261.ceb@gmail.com,10261
40,Fredrick Rose Marshall Nadar,crce.10262.ceb@gmail.com,10262
41,Pranay Reddy Pannala,crce.10263.ceb@gmail.com,10263
42,Tanish Utpal Parkar,crce.10264.ceb@gmail.com,10264
43,Palash Rajesh Pathare,crce.10265.ceb@gmail.com,10265
44,Tanay Dhanaraj Patil,crce.10266.ceb@gmail.com,10266
45,Yash Vishwas Patil,crce.10267.ceb@gmail.com,10267
46,Devansh Mitesh Nayak,crce.10268.ceb@gmail.com,10268
47,Alroy Ajit Pereira,crce.10269.ceb@gmail.com,10269
48,Liana Lucas Pereira,crce.10270.ceb@gmail.com,10270
49,Rayen Pereira,crce.seceb.10271@gmail.com,10271
50,Sean Stanny Pereira,crce.10272.ceb@gmail.com,10272
51,Yash Rakesh Punmiya,crce.10273.ceb@gmail.com,10273
52,Hazel Vilina Ratna,crce.10274.ceb@gmail.com,10274
53,Blaise Anthony Rodrigues,crce.10275.ceb@gmail.com,10275
54,Vanessa Rodrigues,crce.10276.ceb@gmail.com,10276
55,Shonit Fabian Dennis Sequeira,crce.10277.ceb@gmail.com,10277
56,Sereena Thomas,crce.10278.ceb@gmail.com,10278
57,Manav Prashantkumar Shetty,crce.10279.ceb@gmail.com,10279
58,Alok Vijaykumar Shukla,crce.10280.ceb@gmail.com,10280
59,Aaryan Umesh Singh,crce.10281.ceb@gmail.com,10281
60,Yash Paresh Solanki,crce.10282.ceb@gmail.com,10282
61,Daksh Thakkar,crce.10283.ceb@gmail.com,10283
62,Yashovardhan Dattatrey Thopte,crce.10284.ceb@gmail.com,10284
63,Dev Aditya Tripathi,crce.10285.ceb@gmail.com,10285
64,Sherlynn Stephen Vaz,crce.10286.ceb@gmail.com,10286
65,Aryan Sanjay Kumar Verma,crce.10287.ceb@gmail.com,10287
66,Vinish Rexson Raja Pandi,crce.10288.ceb@gmail.com,10288
67,Kirti Anil Athani,crce.10466.ceb@gmail.com,10466
68,MARIC WILLIAM BRASS,crce.seceb.10467@gmail.com,10467
69,Saad Afzal Dalvi,crce.10468.ceb@gmail.com,10468
70,Aditi Anant Tarase,crce.10469.ceb@gmail.com,10469
71,Swapnil Surendra Kasare,crce.10470.ceb@gmail.com,10470
72,Anjali Surendra Mishra,crce.10471.ceb@gmail.com,10471