student_id,roll_no,full_name,department,class_div,course_code,academic_term
COMP2024A001,COMP-A-01,Alex Mercer,COMP,COMP-A,25PCC13CE14,2026-27-SEM5
COMP2024A001,COMP-A-01,Alex Mercer,COMP,COMP-A,25PCC13CE19,2026-27-SEM5
COMP2024A001,COMP-A-01,Alex Mercer,COMP,COMP-A,25PCC13CE21,2026-27-SEM5
COMP2024A001,COMP-A-01,Alex Mercer,COMP,COMP-A,25PCC13CE22,2026-27-SEM5
COMP2024A001,COMP-A-01,Alex Mercer,COMP,COMP-A,25VSE13CE04,2026-27-SEM5
COMP2024A002,COMP-A-02,Jayden Lee,COMP,COMP-A,25PCC13CE14,2026-27-SEM5
COMP2024A002,COMP-A-02,Jayden Lee,COMP,COMP-A,25PCC13CE19,2026-27-SEM5
COMP2024A002,COMP-A-02,Jayden Lee,COMP,COMP-A,25PCC13CE21,2026-27-SEM5
COMP2024A002,COMP-A-02,Jayden Lee,COMP,COMP-A,25PCC13CE22,2026-27-SEM5
COMP2024A002,COMP-A-02,Jayden Lee,COMP,COMP-A,25VSE13CE04,2026-27-SEM5
COMP2024A003,COMP-A-03,Pooja Martinez,COMP,COMP-A,25PCC13CE14,2026-27-SEM5
COMP2024A003,COMP-A-03,Pooja Martinez,COMP,COMP-A,25PCC13CE19,2026-27-SEM5
COMP2024A003,COMP-A-03,Pooja Martinez,COMP,COMP-A,25PCC13CE21,2026-27-SEM5
COMP2024A003,COMP-A-03,Pooja Martinez,COMP,COMP-A,25PCC13CE22,2026-27-SEM5
COMP2024A003,COMP-A-03,Pooja Martinez,COMP,COMP-A,25VSE13CE04,2026-27-SEM5
COMP2024A004,COMP-A-04,Ella Gupta,COMP,COMP-A,25PCC13CE14,2026-27-SEM5
COMP2024A004,COMP-A-04,Ella Gupta,COMP,COMP-A,25PCC13CE19,2026-27-SEM5
COMP2024A004,COMP-A-04,Ella Gupta,COMP,COMP-A,25PCC13CE21,2026-27-SEM5
COMP2024A004,COMP-A-04,Ella Gupta,COMP,COMP-A,25PCC13CE22,2026-27-SEM5
COMP2024A004,COMP-A-04,Ella Gupta,COMP,COMP-A,25VSE13CE04,2026-27-SEM5
COMP2024A005,COMP-A-05,Xiu Wong,COMP,COMP-A,25PCC13CE14,2026-27-SEM5
COMP2024A005,COMP-A-05,Xiu Wong,COMP,COMP-A,25PCC13CE19,2026-27-SEM5
COMP2024A005,COMP-A-05,Xiu Wong,COMP,COMP-A,25PCC13CE21,2026-27-SEM5
COMP2024A005,COMP-A-05,Xiu Wong,COMP,COMP-A,25PCC13CE22,2026-27-SEM5
COMP2024A005,COMP-A-05,Xiu Wong,COMP,COMP-A,25VSE13CE04,2026-27-SEM5
COMP2024A006,COMP-A-06,Michael Smith,COMP,COMP-A,25PCC13CE14,2026-27-SEM5
COMP2024A006,COMP-A-06,Michael Smith,COMP,COMP-A,25PCC13CE19,2026-27-SEM5
COMP2024A006,COMP-A-06,Michael Smith,COMP,COMP-A,25PCC13CE21,2026-27-SEM5
COMP2024A006,COMP-A-06,Michael Smith,COMP,COMP-A,25PCC13CE22,2026-27-SEM5
COMP2024A006,COMP-A-06,Michael Smith,COMP,COMP-A,25VSE13CE04,2026-27-SEM5
COMP2024A007,COMP-A-07,Sophia Johnson,COMP,COMP-A,25PCC13CE14,2026-27-SEM5
COMP2024A007,COMP-A-07,Sophia Johnson,COMP,COMP-A,25PCC13CE19,2026-27-SEM5
COMP2024A007,COMP-A-07,Sophia Johnson,COMP,COMP-A,25PCC13CE21,2026-27-SEM5
COMP2024A007,COMP-A-07,Sophia Johnson,COMP,COMP-A,25PCC13CE22,2026-27-SEM5
COMP2024A007,COMP-A-07,Sophia Johnson,COMP,COMP-A,25VSE13CE04,2026-27-SEM5
COMP2024A008,COMP-A-08,Daniel Brown,COMP,COMP-A,25PCC13CE14,2026-27-SEM5
COMP2024A008,COMP-A-08,Daniel Brown,COMP,COMP-A,25PCC13CE19,2026-27-SEM5
COMP2024A008,COMP-A-08,Daniel Brown,COMP,COMP-A,25PCC13CE21,2026-27-SEM5
COMP2024A008,COMP-A-08,Daniel Brown,COMP,COMP-A,25PCC13CE22,2026-27-SEM5
COMP2024A008,COMP-A-08,Daniel Brown,COMP,COMP-A,25VSE13CE04,2026-27-SEM5
COMP2024A009,COMP-A-09,Ananya Patel,COMP,COMP-A,25PCC13CE14,2026-27-SEM5
COMP2024A009,COMP-A-09,Ananya Patel,COMP,COMP-A,25PCC13CE19,2026-27-SEM5
COMP2024A009,COMP-A-09,Ananya Patel,COMP,COMP-A,25PCC13CE21,2026-27-SEM5
COMP2024A009,COMP-A-09,Ananya Patel,COMP,COMP-A,25PCC13CE22,2026-27-SEM5
COMP2024A009,COMP-A-09,Ananya Patel,COMP,COMP-A,25VSE13CE04,2026-27-SEM5
COMP2024A010,COMP-A-10,Liam Jones,COMP,COMP-A,25PCC13CE14,2026-27-SEM5
COMP2024A010,COMP-A-10,Liam Jones,COMP,COMP-A,25PCC13CE19,2026-27-SEM5
COMP2024A010,COMP-A-10,Liam Jones,COMP,COMP-A,25PCC13CE21,2026-27-SEM5
COMP2024A010,COMP-A-10,Liam Jones,COMP,COMP-A,25PCC13CE22,2026-27-SEM5
COMP2024A010,COMP-A-10,Liam Jones,COMP,COMP-A,25VSE13CE04,2026-27-SEM5
COMP2024A011,COMP-A-11,Emma Garcia,COMP,COMP-A,25PCC13CE14,2026-27-SEM5
COMP2024A011,COMP-A-11,Emma Garcia,COMP,COMP-A,25PCC13CE19,2026-27-SEM5
COMP2024A011,COMP-A-11,Emma Garcia,COMP,COMP-A,25PCC13CE21,2026-27-SEM5
COMP2024A011,COMP-A-11,Emma Garcia,COMP,COMP-A,25PCC13CE22,2026-27-SEM5
COMP2024A011,COMP-A-11,Emma Garcia,COMP,COMP-A,25VSE13CE04,2026-27-SEM5
COMP2024A012,COMP-A-12,Ethan Miller,COMP,COMP-A,25PCC13CE14,2026-27-SEM5
COMP2024A012,COMP-A-12,Ethan Miller,COMP,COMP-A,25PCC13CE19,2026-27-SEM5
COMP2024A012,COMP-A-12,Ethan Miller,COMP,COMP-A,25PCC13CE21,2026-27-SEM5
COMP2024A012,COMP-A-12,Ethan Miller,COMP,COMP-A,25PCC13CE22,2026-27-SEM5
COMP2024A012,COMP-A-12,Ethan Miller,COMP,COMP-A,25VSE13CE04,2026-27-SEM5
COMP2024A013,COMP-A-13,Olivia Davis,COMP,COMP-A,25PCC13CE14,2026-27-SEM5
COMP2024A013,COMP-A-13,Olivia Davis,COMP,COMP-A,25PCC13CE19,2026-27-SEM5
COMP2024A013,COMP-A-13,Olivia Davis,COMP,COMP-A,25PCC13CE21,2026-27-SEM5
COMP2024A013,COMP-A-13,Olivia Davis,COMP,COMP-A,25PCC13CE22,2026-27-SEM5
COMP2024A013,COMP-A-13,Olivia Davis,COMP,COMP-A,25VSE13CE04,2026-27-SEM5
COMP2024A014,COMP-A-14,Noah Rodriguez,COMP,COMP-A,25PCC13CE14,2026-27-SEM5
COMP2024A014,COMP-A-14,Noah Rodriguez,COMP,COMP-A,25PCC13CE19,2026-27-SEM5
COMP2024A014,COMP-A-14,Noah Rodriguez,COMP,COMP-A,25PCC13CE21,2026-27-SEM5
COMP2024A014,COMP-A-14,Noah Rodriguez,COMP,COMP-A,25PCC13CE22,2026-27-SEM5
COMP2024A014,COMP-A-14,Noah Rodriguez,COMP,COMP-A,25VSE13CE04,2026-27-SEM5
COMP2024A015,COMP-A-15,Ava Shah,COMP,COMP-A,25PCC13CE14,2026-27-SEM5
COMP2024A015,COMP-A-15,Ava Shah,COMP,COMP-A,25PCC13CE19,2026-27-SEM5
COMP2024A015,COMP-A-15,Ava Shah,COMP,COMP-A,25PCC13CE21,2026-27-SEM5
COMP2024A015,COMP-A-15,Ava Shah,COMP,COMP-A,25PCC13CE22,2026-27-SEM5
COMP2024A015,COMP-A-15,Ava Shah,COMP,COMP-A,25VSE13CE04,2026-27-SEM5
COMP2024A016,COMP-A-16,Lucas Wilson,COMP,COMP-A,25PCC13CE14,2026-27-SEM5
COMP2024A016,COMP-A-16,Lucas Wilson,COMP,COMP-A,25PCC13CE19,2026-27-SEM5
COMP2024A016,COMP-A-16,Lucas Wilson,COMP,COMP-A,25PCC13CE21,2026-27-SEM5
COMP2024A016,COMP-A-16,Lucas Wilson,COMP,COMP-A,25PCC13CE22,2026-27-SEM5
COMP2024A016,COMP-A-16,Lucas Wilson,COMP,COMP-A,25VSE13CE04,2026-27-SEM5
COMP2024A017,COMP-A-17,Mia Anderson,COMP,COMP-A,25PCC13CE14,2026-27-SEM5
COMP2024A017,COMP-A-17,Mia Anderson,COMP,COMP-A,25PCC13CE19,2026-27-SEM5
COMP2024A017,COMP-A-17,Mia Anderson,COMP,COMP-A,25PCC13CE21,2026-27-SEM5
COMP2024A017,COMP-A-17,Mia Anderson,COMP,COMP-A,25PCC13CE22,2026-27-SEM5
COMP2024A017,COMP-A-17,Mia Anderson,COMP,COMP-A,25VSE13CE04,2026-27-SEM5
COMP2024A018,COMP-A-18,Mason Thomas,COMP,COMP-A,25PCC13CE14,2026-27-SEM5
COMP2024A018,COMP-A-18,Mason Thomas,COMP,COMP-A,25PCC13CE19,2026-27-SEM5
COMP2024A018,COMP-A-18,Mason Thomas,COMP,COMP-A,25PCC13CE21,2026-27-SEM5
COMP2024A018,COMP-A-18,Mason Thomas,COMP,COMP-A,25PCC13CE22,2026-27-SEM5
COMP2024A018,COMP-A-18,Mason Thomas,COMP,COMP-A,25VSE13CE04,2026-27-SEM5
COMP2024A019,COMP-A-19,Isabella Taylor,COMP,COMP-A,25PCC13CE14,2026-27-SEM5
COMP2024A019,COMP-A-19,Isabella Taylor,COMP,COMP-A,25PCC13CE19,2026-27-SEM5
COMP2024A019,COMP-A-19,Isabella Taylor,COMP,COMP-A,25PCC13CE21,2026-27-SEM5
COMP2024A019,COMP-A-19,Isabella Taylor,COMP,COMP-A,25PCC13CE22,2026-27-SEM5
COMP2024A019,COMP-A-19,Isabella Taylor,COMP,COMP-A,25VSE13CE04,2026-27-SEM5
COMP2024A020,COMP-A-20,Oliver Moore,COMP,COMP-A,25PCC13CE14,2026-27-SEM5
COMP2024A020,COMP-A-20,Oliver Moore,COMP,COMP-A,25PCC13CE19,2026-27-SEM5
COMP2024A020,COMP-A-20,Oliver Moore,COMP,COMP-A,25PCC13CE21,2026-27-SEM5
COMP2024A020,COMP-A-20,Oliver Moore,COMP,COMP-A,25PCC13CE22,2026-27-SEM5
COMP2024A020,COMP-A-20,Oliver Moore,COMP,COMP-A,25VSE13CE04,2026-27-SEM5
COMP2024A021,COMP-A-21,Aria Jackson,COMP,COMP-A,25PCC13CE14,2026-27-SEM5
COMP2024A021,COMP-A-21,Aria Jackson,COMP,COMP-A,25PCC13CE19,2026-27-SEM5
COMP2024A021,COMP-A-21,Aria Jackson,COMP,COMP-A,25PCC13CE21,2026-27-SEM5
COMP2024A021,COMP-A-21,Aria Jackson,COMP,COMP-A,25PCC13CE22,2026-27-SEM5
COMP2024A021,COMP-A-21,Aria Jackson,COMP,COMP-A,25VSE13CE04,2026-27-SEM5
COMP2024A022,COMP-A-22,Elijah Martin,COMP,COMP-A,25PCC13CE14,2026-27-SEM5
COMP2024A022,COMP-A-22,Elijah Martin,COMP,COMP-A,25PCC13CE19,2026-27-SEM5
COMP2024A022,COMP-A-22,Elijah Martin,COMP,COMP-A,25PCC13CE21,2026-27-SEM5
COMP2024A022,COMP-A-22,Elijah Martin,COMP,COMP-A,25PCC13CE22,2026-27-SEM5
COMP2024A022,COMP-A-22,Elijah Martin,COMP,COMP-A,25VSE13CE04,2026-27-SEM5
COMP2024A023,COMP-A-23,Chloe Kulkarni,COMP,COMP-A,25PCC13CE14,2026-27-SEM5
COMP2024A023,COMP-A-23,Chloe Kulkarni,COMP,COMP-A,25PCC13CE19,2026-27-SEM5
COMP2024A023,COMP-A-23,Chloe Kulkarni,COMP,COMP-A,25PCC13CE21,2026-27-SEM5
COMP2024A023,COMP-A-23,Chloe Kulkarni,COMP,COMP-A,25PCC13CE22,2026-27-SEM5
COMP2024A023,COMP-A-23,Chloe Kulkarni,COMP,COMP-A,25VSE13CE04,2026-27-SEM5
COMP2024A024,COMP-A-24,Aiden Deshmukh,COMP,COMP-A,25PCC13CE14,2026-27-SEM5
COMP2024A024,COMP-A-24,Aiden Deshmukh,COMP,COMP-A,25PCC13CE19,2026-27-SEM5
COMP2024A024,COMP-A-24,Aiden Deshmukh,COMP,COMP-A,25PCC13CE21,2026-27-SEM5
COMP2024A024,COMP-A-24,Aiden Deshmukh,COMP,COMP-A,25PCC13CE22,2026-27-SEM5
COMP2024A024,COMP-A-24,Aiden Deshmukh,COMP,COMP-A,25VSE13CE04,2026-27-SEM5
COMP2024A025,COMP-A-25,Harper Joshi,COMP,COMP-A,25PCC13CE14,2026-27-SEM5
COMP2024A025,COMP-A-25,Harper Joshi,COMP,COMP-A,25PCC13CE19,2026-27-SEM5
COMP2024A025,COMP-A-25,Harper Joshi,COMP,COMP-A,25PCC13CE21,2026-27-SEM5
COMP2024A025,COMP-A-25,Harper Joshi,COMP,COMP-A,25PCC13CE22,2026-27-SEM5
COMP2024A025,COMP-A-25,Harper Joshi,COMP,COMP-A,25VSE13CE04,2026-27-SEM5
COMP2024A026,COMP-A-26,James Iyer,COMP,COMP-A,25PCC13CE14,2026-27-SEM5
COMP2024A026,COMP-A-26,James Iyer,COMP,COMP-A,25PCC13CE19,2026-27-SEM5
COMP2024A026,COMP-A-26,James Iyer,COMP,COMP-A,25PCC13CE21,2026-27-SEM5
COMP2024A026,COMP-A-26,James Iyer,COMP,COMP-A,25PCC13CE22,2026-27-SEM5
COMP2024A026,COMP-A-26,James Iyer,COMP,COMP-A,25VSE13CE04,2026-27-SEM5
COMP2024A027,COMP-A-27,Amelia Nair,COMP,COMP-A,25PCC13CE14,2026-27-SEM5
COMP2024A027,COMP-A-27,Amelia Nair,COMP,COMP-A,25PCC13CE19,2026-27-SEM5
COMP2024A027,COMP-A-27,Amelia Nair,COMP,COMP-A,25PCC13CE21,2026-27-SEM5
COMP2024A027,COMP-A-27,Amelia Nair,COMP,COMP-A,25PCC13CE22,2026-27-SEM5
COMP2024A027,COMP-A-27,Amelia Nair,COMP,COMP-A,25VSE13CE04,2026-27-SEM5
COMP2024A028,COMP-A-28,Benjamin Verma,COMP,COMP-A,25PCC13CE14,2026-27-SEM5
COMP2024A028,COMP-A-28,Benjamin Verma,COMP,COMP-A,25PCC13CE19,2026-27-SEM5
COMP2024A028,COMP-A-28,Benjamin Verma,COMP,COMP-A,25PCC13CE21,2026-27-SEM5
COMP2024A028,COMP-A-28,Benjamin Verma,COMP,COMP-A,25PCC13CE22,2026-27-SEM5
COMP2024A028,COMP-A-28,Benjamin Verma,COMP,COMP-A,25VSE13CE04,2026-27-SEM5
COMP2024A029,COMP-A-29,Evelyn Rao,COMP,COMP-A,25PCC13CE14,2026-27-SEM5
COMP2024A029,COMP-A-29,Evelyn Rao,COMP,COMP-A,25PCC13CE19,2026-27-SEM5
COMP2024A029,COMP-A-29,Evelyn Rao,COMP,COMP-A,25PCC13CE21,2026-27-SEM5
COMP2024A029,COMP-A-29,Evelyn Rao,COMP,COMP-A,25PCC13CE22,2026-27-SEM5
COMP2024A029,COMP-A-29,Evelyn Rao,COMP,COMP-A,25VSE13CE04,2026-27-SEM5
COMP2024A030,COMP-A-30,Alexander Reddy,COMP,COMP-A,25PCC13CE14,2026-27-SEM5
COMP2024A030,COMP-A-30,Alexander Reddy,COMP,COMP-A,25PCC13CE19,2026-27-SEM5
COMP2024A030,COMP-A-30,Alexander Reddy,COMP,COMP-A,25PCC13CE21,2026-27-SEM5
COMP2024A030,COMP-A-30,Alexander Reddy,COMP,COMP-A,25PCC13CE22,2026-27-SEM5
COMP2024A030,COMP-A-30,Alexander Reddy,COMP,COMP-A,25VSE13CE04,2026-27-SEM5
COMP2024A031,COMP-A-31,Abigail Kapoor,COMP,COMP-A,25PCC13CE14,2026-27-SEM5
COMP2024A031,COMP-A-31,Abigail Kapoor,COMP,COMP-A,25PCC13CE19,2026-27-SEM5
COMP2024A031,COMP-A-31,Abigail Kapoor,COMP,COMP-A,25PCC13CE21,2026-27-SEM5
COMP2024A031,COMP-A-31,Abigail Kapoor,COMP,COMP-A,25PCC13CE22,2026-27-SEM5
COMP2024A031,COMP-A-31,Abigail Kapoor,COMP,COMP-A,25VSE13CE04,2026-27-SEM5
COMP2024A032,COMP-A-32,Henry Bhatia,COMP,COMP-A,25PCC13CE14,2026-27-SEM5
COMP2024A032,COMP-A-32,Henry Bhatia,COMP,COMP-A,25PCC13CE19,2026-27-SEM5
COMP2024A032,COMP-A-32,Henry Bhatia,COMP,COMP-A,25PCC13CE21,2026-27-SEM5
COMP2024A032,COMP-A-32,Henry Bhatia,COMP,COMP-A,25PCC13CE22,2026-27-SEM5
COMP2024A032,COMP-A-32,Henry Bhatia,COMP,COMP-A,25VSE13CE04,2026-27-SEM5
COMP2024A033,COMP-A-33,Emily Malhotra,COMP,COMP-A,25PCC13CE14,2026-27-SEM5
COMP2024A033,COMP-A-33,Emily Malhotra,COMP,COMP-A,25PCC13CE19,2026-27-SEM5
COMP2024A033,COMP-A-33,Emily Malhotra,COMP,COMP-A,25PCC13CE21,2026-27-SEM5
COMP2024A033,COMP-A-33,Emily Malhotra,COMP,COMP-A,25PCC13CE22,2026-27-SEM5
COMP2024A033,COMP-A-33,Emily Malhotra,COMP,COMP-A,25VSE13CE04,2026-27-SEM5
COMP2024A034,COMP-A-34,Sebastian Chopra,COMP,COMP-A,25PCC13CE14,2026-27-SEM5
COMP2024A034,COMP-A-34,Sebastian Chopra,COMP,COMP-A,25PCC13CE19,2026-27-SEM5
COMP2024A034,COMP-A-34,Sebastian Chopra,COMP,COMP-A,25PCC13CE21,2026-27-SEM5
COMP2024A034,COMP-A-34,Sebastian Chopra,COMP,COMP-A,25PCC13CE22,2026-27-SEM5
COMP2024A034,COMP-A-34,Sebastian Chopra,COMP,COMP-A,25VSE13CE04,2026-27-SEM5
COMP2024A035,COMP-A-35,Elizabeth Khanna,COMP,COMP-A,25PCC13CE14,2026-27-SEM5
COMP2024A035,COMP-A-35,Elizabeth Khanna,COMP,COMP-A,25PCC13CE19,2026-27-SEM5
COMP2024A035,COMP-A-35,Elizabeth Khanna,COMP,COMP-A,25PCC13CE21,2026-27-SEM5
COMP2024A035,COMP-A-35,Elizabeth Khanna,COMP,COMP-A,25PCC13CE22,2026-27-SEM5
COMP2024A035,COMP-A-35,Elizabeth Khanna,COMP,COMP-A,25VSE13CE04,2026-27-SEM5
COMP2024A036,COMP-A-36,Jack Mehta,COMP,COMP-A,25PCC13CE14,2026-27-SEM5
COMP2024A036,COMP-A-36,Jack Mehta,COMP,COMP-A,25PCC13CE19,2026-27-SEM5
COMP2024A036,COMP-A-36,Jack Mehta,COMP,COMP-A,25PCC13CE21,2026-27-SEM5
COMP2024A036,COMP-A-36,Jack Mehta,COMP,COMP-A,25PCC13CE22,2026-27-SEM5
COMP2024A036,COMP-A-36,Jack Mehta,COMP,COMP-A,25VSE13CE04,2026-27-SEM5
COMP2024A037,COMP-A-37,Mila Sen,COMP,COMP-A,25PCC13CE14,2026-27-SEM5
COMP2024A037,COMP-A-37,Mila Sen,COMP,COMP-A,25PCC13CE19,2026-27-SEM5
COMP2024A037,COMP-A-37,Mila Sen,COMP,COMP-A,25PCC13CE21,2026-27-SEM5
COMP2024A037,COMP-A-37,Mila Sen,COMP,COMP-A,25PCC13CE22,2026-27-SEM5
COMP2024A037,COMP-A-37,Mila Sen,COMP,COMP-A,25VSE13CE04,2026-27-SEM5
COMP2024A038,COMP-A-38,William Roy,COMP,COMP-A,25PCC13CE14,2026-27-SEM5
COMP2024A038,COMP-A-38,William Roy,COMP,COMP-A,25PCC13CE19,2026-27-SEM5
COMP2024A038,COMP-A-38,William Roy,COMP,COMP-A,25PCC13CE21,2026-27-SEM5
COMP2024A038,COMP-A-38,William Roy,COMP,COMP-A,25PCC13CE22,2026-27-SEM5
COMP2024A038,COMP-A-38,William Roy,COMP,COMP-A,25VSE13CE04,2026-27-SEM5
COMP2024A039,COMP-A-39,Ella Bose,COMP,COMP-A,25PCC13CE14,2026-27-SEM5
COMP2024A039,COMP-A-39,Ella Bose,COMP,COMP-A,25PCC13CE19,2026-27-SEM5
COMP2024A039,COMP-A-39,Ella Bose,COMP,COMP-A,25PCC13CE21,2026-27-SEM5
COMP2024A039,COMP-A-39,Ella Bose,COMP,COMP-A,25PCC13CE22,2026-27-SEM5
COMP2024A039,COMP-A-39,Ella Bose,COMP,COMP-A,25VSE13CE04,2026-27-SEM5
COMP2024A040,COMP-A-40,Samuel Dutta,COMP,COMP-A,25PCC13CE14,2026-27-SEM5
COMP2024A040,COMP-A-40,Samuel Dutta,COMP,COMP-A,25PCC13CE19,2026-27-SEM5
COMP2024A040,COMP-A-40,Samuel Dutta,COMP,COMP-A,25PCC13CE21,2026-27-SEM5
COMP2024A040,COMP-A-40,Samuel Dutta,COMP,COMP-A,25PCC13CE22,2026-27-SEM5
COMP2024A040,COMP-A-40,Samuel Dutta,COMP,COMP-A,25VSE13CE04,2026-27-SEM5
COMP2024A041,COMP-A-41,Avery Banerjee,COMP,COMP-A,25PCC13CE14,2026-27-SEM5
COMP2024A041,COMP-A-41,Avery Banerjee,COMP,COMP-A,25PCC13CE19,2026-27-SEM5
COMP2024A041,COMP-A-41,Avery Banerjee,COMP,COMP-A,25PCC13CE21,2026-27-SEM5
COMP2024A041,COMP-A-41,Avery Banerjee,COMP,COMP-A,25PCC13CE22,2026-27-SEM5
COMP2024A041,COMP-A-41,Avery Banerjee,COMP,COMP-A,25VSE13CE04,2026-27-SEM5
COMP2024A042,COMP-A-42,David Das,COMP,COMP-A,25PCC13CE14,2026-27-SEM5
COMP2024A042,COMP-A-42,David Das,COMP,COMP-A,25PCC13CE19,2026-27-SEM5
COMP2024A042,COMP-A-42,David Das,COMP,COMP-A,25PCC13CE21,2026-27-SEM5
COMP2024A042,COMP-A-42,David Das,COMP,COMP-A,25PCC13CE22,2026-27-SEM5
COMP2024A042,COMP-A-42,David Das,COMP,COMP-A,25VSE13CE04,2026-27-SEM5
COMP2024A043,COMP-A-43,Scarlett Mukherjee,COMP,COMP-A,25PCC13CE14,2026-27-SEM5
COMP2024A043,COMP-A-43,Scarlett Mukherjee,COMP,COMP-A,25PCC13CE19,2026-27-SEM5
COMP2024A043,COMP-A-43,Scarlett Mukherjee,COMP,COMP-A,25PCC13CE21,2026-27-SEM5
COMP2024A043,COMP-A-43,Scarlett Mukherjee,COMP,COMP-A,25PCC13CE22,2026-27-SEM5
COMP2024A043,COMP-A-43,Scarlett Mukherjee,COMP,COMP-A,25VSE13CE04,2026-27-SEM5
COMP2024A044,COMP-A-44,Joseph Chatterjee,COMP,COMP-A,25PCC13CE14,2026-27-SEM5
COMP2024A044,COMP-A-44,Joseph Chatterjee,COMP,COMP-A,25PCC13CE19,2026-27-SEM5
COMP2024A044,COMP-A-44,Joseph Chatterjee,COMP,COMP-A,25PCC13CE21,2026-27-SEM5
COMP2024A044,COMP-A-44,Joseph Chatterjee,COMP,COMP-A,25PCC13CE22,2026-27-SEM5
COMP2024A044,COMP-A-44,Joseph Chatterjee,COMP,COMP-A,25VSE13CE04,2026-27-SEM5
COMP2024A045,COMP-A-45,Grace Ghosh,COMP,COMP-A,25PCC13CE14,2026-27-SEM5
COMP2024A045,COMP-A-45,Grace Ghosh,COMP,COMP-A,25PCC13CE19,2026-27-SEM5
COMP2024A045,COMP-A-45,Grace Ghosh,COMP,COMP-A,25PCC13CE21,2026-27-SEM5
COMP2024A045,COMP-A-45,Grace Ghosh,COMP,COMP-A,25PCC13CE22,2026-27-SEM5
COMP2024A045,COMP-A-45,Grace Ghosh,COMP,COMP-A,25VSE13CE04,2026-27-SEM5
COMP2024A046,COMP-A-46,Matthew Sengupta,COMP,COMP-A,25PCC13CE14,2026-27-SEM5
COMP2024A046,COMP-A-46,Matthew Sengupta,COMP,COMP-A,25PCC13CE19,2026-27-SEM5
COMP2024A046,COMP-A-46,Matthew Sengupta,COMP,COMP-A,25PCC13CE21,2026-27-SEM5
COMP2024A046,COMP-A-46,Matthew Sengupta,COMP,COMP-A,25PCC13CE22,2026-27-SEM5
COMP2024A046,COMP-A-46,Matthew Sengupta,COMP,COMP-A,25VSE13CE04,2026-27-SEM5
COMP2024A047,COMP-A-47,Lily Choudhury,COMP,COMP-A,25PCC13CE14,2026-27-SEM5
COMP2024A047,COMP-A-47,Lily Choudhury,COMP,COMP-A,25PCC13CE19,2026-27-SEM5
COMP2024A047,COMP-A-47,Lily Choudhury,COMP,COMP-A,25PCC13CE21,2026-27-SEM5
COMP2024A047,COMP-A-47,Lily Choudhury,COMP,COMP-A,25PCC13CE22,2026-27-SEM5
COMP2024A047,COMP-A-47,Lily Choudhury,COMP,COMP-A,25VSE13CE04,2026-27-SEM5
COMP2024A048,COMP-A-48,Jackson Bhattacharya,COMP,COMP-A,25PCC13CE14,2026-27-SEM5
COMP2024A048,COMP-A-48,Jackson Bhattacharya,COMP,COMP-A,25PCC13CE19,2026-27-SEM5
COMP2024A048,COMP-A-48,Jackson Bhattacharya,COMP,COMP-A,25PCC13CE21,2026-27-SEM5
COMP2024A048,COMP-A-48,Jackson Bhattacharya,COMP,COMP-A,25PCC13CE22,2026-27-SEM5
COMP2024A048,COMP-A-48,Jackson Bhattacharya,COMP,COMP-A,25VSE13CE04,2026-27-SEM5
COMP2024A049,COMP-A-49,Zoey Chakraborty,COMP,COMP-A,25PCC13CE14,2026-27-SEM5
COMP2024A049,COMP-A-49,Zoey Chakraborty,COMP,COMP-A,25PCC13CE19,2026-27-SEM5
COMP2024A049,COMP-A-49,Zoey Chakraborty,COMP,COMP-A,25PCC13CE21,2026-27-SEM5
COMP2024A049,COMP-A-49,Zoey Chakraborty,COMP,COMP-A,25PCC13CE22,2026-27-SEM5
COMP2024A049,COMP-A-49,Zoey Chakraborty,COMP,COMP-A,25VSE13CE04,2026-27-SEM5
COMP2024A050,COMP-A-50,Levi Saha,COMP,COMP-A,25PCC13CE14,2026-27-SEM5
COMP2024A050,COMP-A-50,Levi Saha,COMP,COMP-A,25PCC13CE19,2026-27-SEM5
COMP2024A050,COMP-A-50,Levi Saha,COMP,COMP-A,25PCC13CE21,2026-27-SEM5
COMP2024A050,COMP-A-50,Levi Saha,COMP,COMP-A,25PCC13CE22,2026-27-SEM5
COMP2024A050,COMP-A-50,Levi Saha,COMP,COMP-A,25VSE13CE04,2026-27-SEM5
COMP2024A051,COMP-A-51,Hannah Mishra,COMP,COMP-A,25PCC13CE14,2026-27-SEM5
COMP2024A051,COMP-A-51,Hannah Mishra,COMP,COMP-A,25PCC13CE19,2026-27-SEM5
COMP2024A051,COMP-A-51,Hannah Mishra,COMP,COMP-A,25PCC13CE21,2026-27-SEM5
COMP2024A051,COMP-A-51,Hannah Mishra,COMP,COMP-A,25PCC13CE22,2026-27-SEM5
COMP2024A051,COMP-A-51,Hannah Mishra,COMP,COMP-A,25VSE13CE04,2026-27-SEM5
COMP2024A052,COMP-A-52,Mateo Pandey,COMP,COMP-A,25PCC13CE14,2026-27-SEM5
COMP2024A052,COMP-A-52,Mateo Pandey,COMP,COMP-A,25PCC13CE19,2026-27-SEM5
COMP2024A052,COMP-A-52,Mateo Pandey,COMP,COMP-A,25PCC13CE21,2026-27-SEM5
COMP2024A052,COMP-A-52,Mateo Pandey,COMP,COMP-A,25PCC13CE22,2026-27-SEM5
COMP2024A052,COMP-A-52,Mateo Pandey,COMP,COMP-A,25VSE13CE04,2026-27-SEM5
COMP2024A053,COMP-A-53,Lillian Trivedi,COMP,COMP-A,25PCC13CE14,2026-27-SEM5
COMP2024A053,COMP-A-53,Lillian Trivedi,COMP,COMP-A,25PCC13CE19,2026-27-SEM5
COMP2024A053,COMP-A-53,Lillian Trivedi,COMP,COMP-A,25PCC13CE21,2026-27-SEM5
COMP2024A053,COMP-A-53,Lillian Trivedi,COMP,COMP-A,25PCC13CE22,2026-27-SEM5
COMP2024A053,COMP-A-53,Lillian Trivedi,COMP,COMP-A,25VSE13CE04,2026-27-SEM5
COMP2024A054,COMP-A-54,Owen Pathak,COMP,COMP-A,25PCC13CE14,2026-27-SEM5
COMP2024A054,COMP-A-54,Owen Pathak,COMP,COMP-A,25PCC13CE19,2026-27-SEM5
COMP2024A054,COMP-A-54,Owen Pathak,COMP,COMP-A,25PCC13CE21,2026-27-SEM5
COMP2024A054,COMP-A-54,Owen Pathak,COMP,COMP-A,25PCC13CE22,2026-27-SEM5
COMP2024A054,COMP-A-54,Owen Pathak,COMP,COMP-A,25VSE13CE04,2026-27-SEM5
COMP2024A055,COMP-A-55,Addison Dubey,COMP,COMP-A,25PCC13CE14,2026-27-SEM5
COMP2024A055,COMP-A-55,Addison Dubey,COMP,COMP-A,25PCC13CE19,2026-27-SEM5
COMP2024A055,COMP-A-55,Addison Dubey,COMP,COMP-A,25PCC13CE21,2026-27-SEM5
COMP2024A055,COMP-A-55,Addison Dubey,COMP,COMP-A,25PCC13CE22,2026-27-SEM5
COMP2024A055,COMP-A-55,Addison Dubey,COMP,COMP-A,25VSE13CE04,2026-27-SEM5
COMP2024A056,COMP-A-56,John Tiwari,COMP,COMP-A,25PCC13CE14,2026-27-SEM5
COMP2024A056,COMP-A-56,John Tiwari,COMP,COMP-A,25PCC13CE19,2026-27-SEM5
COMP2024A056,COMP-A-56,John Tiwari,COMP,COMP-A,25PCC13CE21,2026-27-SEM5
COMP2024A056,COMP-A-56,John Tiwari,COMP,COMP-A,25PCC13CE22,2026-27-SEM5
COMP2024A056,COMP-A-56,John Tiwari,COMP,COMP-A,25VSE13CE04,2026-27-SEM5
COMP2024A057,COMP-A-57,Aubrey Shukla,COMP,COMP-A,25PCC13CE14,2026-27-SEM5
COMP2024A057,COMP-A-57,Aubrey Shukla,COMP,COMP-A,25PCC13CE19,2026-27-SEM5
COMP2024A057,COMP-A-57,Aubrey Shukla,COMP,COMP-A,25PCC13CE21,2026-27-SEM5
COMP2024A057,COMP-A-57,Aubrey Shukla,COMP,COMP-A,25PCC13CE22,2026-27-SEM5
COMP2024A057,COMP-A-57,Aubrey Shukla,COMP,COMP-A,25VSE13CE04,2026-27-SEM5
COMP2024A058,COMP-A-58,Wyatt Tripathi,COMP,COMP-A,25PCC13CE14,2026-27-SEM5
COMP2024A058,COMP-A-58,Wyatt Tripathi,COMP,COMP-A,25PCC13CE19,2026-27-SEM5
COMP2024A058,COMP-A-58,Wyatt Tripathi,COMP,COMP-A,25PCC13CE21,2026-27-SEM5
COMP2024A058,COMP-A-58,Wyatt Tripathi,COMP,COMP-A,25PCC13CE22,2026-27-SEM5
COMP2024A058,COMP-A-58,Wyatt Tripathi,COMP,COMP-A,25VSE13CE04,2026-27-SEM5
COMP2024A059,COMP-A-59,Ellie Dwivedi,COMP,COMP-A,25PCC13CE14,2026-27-SEM5
COMP2024A059,COMP-A-59,Ellie Dwivedi,COMP,COMP-A,25PCC13CE19,2026-27-SEM5
COMP2024A059,COMP-A-59,Ellie Dwivedi,COMP,COMP-A,25PCC13CE21,2026-27-SEM5
COMP2024A059,COMP-A-59,Ellie Dwivedi,COMP,COMP-A,25PCC13CE22,2026-27-SEM5
COMP2024A059,COMP-A-59,Ellie Dwivedi,COMP,COMP-A,25VSE13CE04,2026-27-SEM5
COMP2024A060,COMP-A-60,Luke Chaturvedi,COMP,COMP-A,25PCC13CE14,2026-27-SEM5
COMP2024A060,COMP-A-60,Luke Chaturvedi,COMP,COMP-A,25PCC13CE19,2026-27-SEM5
COMP2024A060,COMP-A-60,Luke Chaturvedi,COMP,COMP-A,25PCC13CE21,2026-27-SEM5
COMP2024A060,COMP-A-60,Luke Chaturvedi,COMP,COMP-A,25PCC13CE22,2026-27-SEM5
COMP2024A060,COMP-A-60,Luke Chaturvedi,COMP,COMP-A,25VSE13CE04,2026-27-SEM5
COMP2024A061,COMP-A-61,Stella Natarajan,COMP,COMP-A,25PCC13CE14,2026-27-SEM5
COMP2024A061,COMP-A-61,Stella Natarajan,COMP,COMP-A,25PCC13CE19,2026-27-SEM5
COMP2024A061,COMP-A-61,Stella Natarajan,COMP,COMP-A,25PCC13CE21,2026-27-SEM5
COMP2024A061,COMP-A-61,Stella Natarajan,COMP,COMP-A,25PCC13CE22,2026-27-SEM5
COMP2024A061,COMP-A-61,Stella Natarajan,COMP,COMP-A,25VSE13CE04,2026-27-SEM5
COMP2024A062,COMP-A-62,Asher Subramanian,COMP,COMP-A,25PCC13CE14,2026-27-SEM5
COMP2024A062,COMP-A-62,Asher Subramanian,COMP,COMP-A,25PCC13CE19,2026-27-SEM5
COMP2024A062,COMP-A-62,Asher Subramanian,COMP,COMP-A,25PCC13CE21,2026-27-SEM5
COMP2024A062,COMP-A-62,Asher Subramanian,COMP,COMP-A,25PCC13CE22,2026-27-SEM5
COMP2024A062,COMP-A-62,Asher Subramanian,COMP,COMP-A,25VSE13CE04,2026-27-SEM5
COMP2024A063,COMP-A-63,Natalie Ranganathan,COMP,COMP-A,25PCC13CE14,2026-27-SEM5
COMP2024A063,COMP-A-63,Natalie Ranganathan,COMP,COMP-A,25PCC13CE19,2026-27-SEM5
COMP2024A063,COMP-A-63,Natalie Ranganathan,COMP,COMP-A,25PCC13CE21,2026-27-SEM5
COMP2024A063,COMP-A-63,Natalie Ranganathan,COMP,COMP-A,25PCC13CE22,2026-27-SEM5
COMP2024A063,COMP-A-63,Natalie Ranganathan,COMP,COMP-A,25VSE13CE04,2026-27-SEM5
COMP2024A064,COMP-A-64,Carter Venkatesh,COMP,COMP-A,25PCC13CE14,2026-27-SEM5
COMP2024A064,COMP-A-64,Carter Venkatesh,COMP,COMP-A,25PCC13CE19,2026-27-SEM5
COMP2024A064,COMP-A-64,Carter Venkatesh,COMP,COMP-A,25PCC13CE21,2026-27-SEM5
COMP2024A064,COMP-A-64,Carter Venkatesh,COMP,COMP-A,25PCC13CE22,2026-27-SEM5
COMP2024A064,COMP-A-64,Carter Venkatesh,COMP,COMP-A,25VSE13CE04,2026-27-SEM5
COMP2024A065,COMP-A-65,Zoe Krishnan,COMP,COMP-A,25PCC13CE14,2026-27-SEM5
COMP2024A065,COMP-A-65,Zoe Krishnan,COMP,COMP-A,25PCC13CE19,2026-27-SEM5
COMP2024A065,COMP-A-65,Zoe Krishnan,COMP,COMP-A,25PCC13CE21,2026-27-SEM5
COMP2024A065,COMP-A-65,Zoe Krishnan,COMP,COMP-A,25PCC13CE22,2026-27-SEM5
COMP2024A065,COMP-A-65,Zoe Krishnan,COMP,COMP-A,25VSE13CE04,2026-27-SEM5
COMP2024A066,COMP-A-66,Julian Balasubramanian,COMP,COMP-A,25PCC13CE14,2026-27-SEM5
COMP2024A066,COMP-A-66,Julian Balasubramanian,COMP,COMP-A,25PCC13CE19,2026-27-SEM5
COMP2024A066,COMP-A-66,Julian Balasubramanian,COMP,COMP-A,25PCC13CE21,2026-27-SEM5
COMP2024A066,COMP-A-66,Julian Balasubramanian,COMP,COMP-A,25PCC13CE22,2026-27-SEM5
COMP2024A066,COMP-A-66,Julian Balasubramanian,COMP,COMP-A,25VSE13CE04,2026-27-SEM5
COMP2024A067,COMP-A-67,Leah Sundaram,COMP,COMP-A,25PCC13CE14,2026-27-SEM5
COMP2024A067,COMP-A-67,Leah Sundaram,COMP,COMP-A,25PCC13CE19,2026-27-SEM5
COMP2024A067,COMP-A-67,Leah Sundaram,COMP,COMP-A,25PCC13CE21,2026-27-SEM5
COMP2024A067,COMP-A-67,Leah Sundaram,COMP,COMP-A,25PCC13CE22,2026-27-SEM5
COMP2024A067,COMP-A-67,Leah Sundaram,COMP,COMP-A,25VSE13CE04,2026-27-SEM5
COMP2024A068,COMP-A-68,Grayson Swaminathan,COMP,COMP-A,25PCC13CE14,2026-27-SEM5
COMP2024A068,COMP-A-68,Grayson Swaminathan,COMP,COMP-A,25PCC13CE19,2026-27-SEM5
COMP2024A068,COMP-A-68,Grayson Swaminathan,COMP,COMP-A,25PCC13CE21,2026-27-SEM5
COMP2024A068,COMP-A-68,Grayson Swaminathan,COMP,COMP-A,25PCC13CE22,2026-27-SEM5
COMP2024A068,COMP-A-68,Grayson Swaminathan,COMP,COMP-A,25VSE13CE04,2026-27-SEM5
COMP2024A069,COMP-A-69,Hazel Ramachandran,COMP,COMP-A,25PCC13CE14,2026-27-SEM5
COMP2024A069,COMP-A-69,Hazel Ramachandran,COMP,COMP-A,25PCC13CE19,2026-27-SEM5
COMP2024A069,COMP-A-69,Hazel Ramachandran,COMP,COMP-A,25PCC13CE21,2026-27-SEM5
COMP2024A069,COMP-A-69,Hazel Ramachandran,COMP,COMP-A,25PCC13CE22,2026-27-SEM5
COMP2024A069,COMP-A-69,Hazel Ramachandran,COMP,COMP-A,25VSE13CE04,2026-27-SEM5
COMP2024A070,COMP-A-70,Leo Srinivasan,COMP,COMP-A,25PCC13CE14,2026-27-SEM5
COMP2024A070,COMP-A-70,Leo Srinivasan,COMP,COMP-A,25PCC13CE19,2026-27-SEM5
COMP2024A070,COMP-A-70,Leo Srinivasan,COMP,COMP-A,25PCC13CE21,2026-27-SEM5
COMP2024A070,COMP-A-70,Leo Srinivasan,COMP,COMP-A,25PCC13CE22,2026-27-SEM5
COMP2024A070,COMP-A-70,Leo Srinivasan,COMP,COMP-A,25VSE13CE04,2026-27-SEM5
COMP2024B001,COMP-B-01,Aarav Patel,COMP,COMP-B,25PCC13CE14,2026-27-SEM5
COMP2024B001,COMP-B-01,Aarav Patel,COMP,COMP-B,25PCC13CE19,2026-27-SEM5
COMP2024B001,COMP-B-01,Aarav Patel,COMP,COMP-B,25PCC13CE21,2026-27-SEM5
COMP2024B001,COMP-B-01,Aarav Patel,COMP,COMP-B,25PCC13CE22,2026-27-SEM5
COMP2024B001,COMP-B-01,Aarav Patel,COMP,COMP-B,25VSE13CE04,2026-27-SEM5
COMP2024B002,COMP-B-02,Diya Sen,COMP,COMP-B,25PCC13CE14,2026-27-SEM5
COMP2024B002,COMP-B-02,Diya Sen,COMP,COMP-B,25PCC13CE19,2026-27-SEM5
COMP2024B002,COMP-B-02,Diya Sen,COMP,COMP-B,25PCC13CE21,2026-27-SEM5
COMP2024B002,COMP-B-02,Diya Sen,COMP,COMP-B,25PCC13CE22,2026-27-SEM5
COMP2024B002,COMP-B-02,Diya Sen,COMP,COMP-B,25VSE13CE04,2026-27-SEM5
COMP2024B003,COMP-B-03,Rohan Desai,COMP,COMP-B,25PCC13CE14,2026-27-SEM5
COMP2024B003,COMP-B-03,Rohan Desai,COMP,COMP-B,25PCC13CE19,2026-27-SEM5
COMP2024B003,COMP-B-03,Rohan Desai,COMP,COMP-B,25PCC13CE21,2026-27-SEM5
COMP2024B003,COMP-B-03,Rohan Desai,COMP,COMP-B,25PCC13CE22,2026-27-SEM5
COMP2024B003,COMP-B-03,Rohan Desai,COMP,COMP-B,25VSE13CE04,2026-27-SEM5
COMP2024B004,COMP-B-04,Ananya Roy,COMP,COMP-B,25PCC13CE14,2026-27-SEM5
COMP2024B004,COMP-B-04,Ananya Roy,COMP,COMP-B,25PCC13CE19,2026-27-SEM5
COMP2024B004,COMP-B-04,Ananya Roy,COMP,COMP-B,25PCC13CE21,2026-27-SEM5
COMP2024B004,COMP-B-04,Ananya Roy,COMP,COMP-B,25PCC13CE22,2026-27-SEM5
COMP2024B004,COMP-B-04,Ananya Roy,COMP,COMP-B,25VSE13CE04,2026-27-SEM5
COMP2024B005,COMP-B-05,Kabir Mehta,COMP,COMP-B,25PCC13CE14,2026-27-SEM5
COMP2024B005,COMP-B-05,Kabir Mehta,COMP,COMP-B,25PCC13CE19,2026-27-SEM5
COMP2024B005,COMP-B-05,Kabir Mehta,COMP,COMP-B,25PCC13CE21,2026-27-SEM5
COMP2024B005,COMP-B-05,Kabir Mehta,COMP,COMP-B,25PCC13CE22,2026-27-SEM5
COMP2024B005,COMP-B-05,Kabir Mehta,COMP,COMP-B,25VSE13CE04,2026-27-SEM5
COMP2024B006,COMP-B-06,Ishaan Nair,COMP,COMP-B,25PCC13CE14,2026-27-SEM5
COMP2024B006,COMP-B-06,Ishaan Nair,COMP,COMP-B,25PCC13CE19,2026-27-SEM5
COMP2024B006,COMP-B-06,Ishaan Nair,COMP,COMP-B,25PCC13CE21,2026-27-SEM5
COMP2024B006,COMP-B-06,Ishaan Nair,COMP,COMP-B,25PCC13CE22,2026-27-SEM5
COMP2024B006,COMP-B-06,Ishaan Nair,COMP,COMP-B,25VSE13CE04,2026-27-SEM5
COMP2024B007,COMP-B-07,Tanvi Kulkarni,COMP,COMP-B,25PCC13CE14,2026-27-SEM5
COMP2024B007,COMP-B-07,Tanvi Kulkarni,COMP,COMP-B,25PCC13CE19,2026-27-SEM5
COMP2024B007,COMP-B-07,Tanvi Kulkarni,COMP,COMP-B,25PCC13CE21,2026-27-SEM5
COMP2024B007,COMP-B-07,Tanvi Kulkarni,COMP,COMP-B,25PCC13CE22,2026-27-SEM5
COMP2024B007,COMP-B-07,Tanvi Kulkarni,COMP,COMP-B,25VSE13CE04,2026-27-SEM5
COMP2024B008,COMP-B-08,Aditya Joshi,COMP,COMP-B,25PCC13CE14,2026-27-SEM5
COMP2024B008,COMP-B-08,Aditya Joshi,COMP,COMP-B,25PCC13CE19,2026-27-SEM5
COMP2024B008,COMP-B-08,Aditya Joshi,COMP,COMP-B,25PCC13CE21,2026-27-SEM5
COMP2024B008,COMP-B-08,Aditya Joshi,COMP,COMP-B,25PCC13CE22,2026-27-SEM5
COMP2024B008,COMP-B-08,Aditya Joshi,COMP,COMP-B,25VSE13CE04,2026-27-SEM5
COMP2024B009,COMP-B-09,Meera Iyer,COMP,COMP-B,25PCC13CE14,2026-27-SEM5
COMP2024B009,COMP-B-09,Meera Iyer,COMP,COMP-B,25PCC13CE19,2026-27-SEM5
COMP2024B009,COMP-B-09,Meera Iyer,COMP,COMP-B,25PCC13CE21,2026-27-SEM5
COMP2024B009,COMP-B-09,Meera Iyer,COMP,COMP-B,25PCC13CE22,2026-27-SEM5
COMP2024B009,COMP-B-09,Meera Iyer,COMP,COMP-B,25VSE13CE04,2026-27-SEM5
COMP2024B010,COMP-B-10,Arjun Verma,COMP,COMP-B,25PCC13CE14,2026-27-SEM5
COMP2024B010,COMP-B-10,Arjun Verma,COMP,COMP-B,25PCC13CE19,2026-27-SEM5
COMP2024B010,COMP-B-10,Arjun Verma,COMP,COMP-B,25PCC13CE21,2026-27-SEM5
COMP2024B010,COMP-B-10,Arjun Verma,COMP,COMP-B,25PCC13CE22,2026-27-SEM5
COMP2024B010,COMP-B-10,Arjun Verma,COMP,COMP-B,25VSE13CE04,2026-27-SEM5
COMP2024B011,COMP-B-11,Rhea Shah,COMP,COMP-B,25PCC13CE14,2026-27-SEM5
COMP2024B011,COMP-B-11,Rhea Shah,COMP,COMP-B,25PCC13CE19,2026-27-SEM5
COMP2024B011,COMP-B-11,Rhea Shah,COMP,COMP-B,25PCC13CE21,2026-27-SEM5
COMP2024B011,COMP-B-11,Rhea Shah,COMP,COMP-B,25PCC13CE22,2026-27-SEM5
COMP2024B011,COMP-B-11,Rhea Shah,COMP,COMP-B,25VSE13CE04,2026-27-SEM5
COMP2024B012,COMP-B-12,Vivaan Sharma,COMP,COMP-B,25PCC13CE14,2026-27-SEM5
COMP2024B012,COMP-B-12,Vivaan Sharma,COMP,COMP-B,25PCC13CE19,2026-27-SEM5
COMP2024B012,COMP-B-12,Vivaan Sharma,COMP,COMP-B,25PCC13CE21,2026-27-SEM5
COMP2024B012,COMP-B-12,Vivaan Sharma,COMP,COMP-B,25PCC13CE22,2026-27-SEM5
COMP2024B012,COMP-B-12,Vivaan Sharma,COMP,COMP-B,25VSE13CE04,2026-27-SEM5
COMP2024B013,COMP-B-13,Saanvi Bhatia,COMP,COMP-B,25PCC13CE14,2026-27-SEM5
COMP2024B013,COMP-B-13,Saanvi Bhatia,COMP,COMP-B,25PCC13CE19,2026-27-SEM5
COMP2024B013,COMP-B-13,Saanvi Bhatia,COMP,COMP-B,25PCC13CE21,2026-27-SEM5
COMP2024B013,COMP-B-13,Saanvi Bhatia,COMP,COMP-B,25PCC13CE22,2026-27-SEM5
COMP2024B013,COMP-B-13,Saanvi Bhatia,COMP,COMP-B,25VSE13CE04,2026-27-SEM5
COMP2024B014,COMP-B-14,Reyansh Malhotra,COMP,COMP-B,25PCC13CE14,2026-27-SEM5
COMP2024B014,COMP-B-14,Reyansh Malhotra,COMP,COMP-B,25PCC13CE19,2026-27-SEM5
COMP2024B014,COMP-B-14,Reyansh Malhotra,COMP,COMP-B,25PCC13CE21,2026-27-SEM5
COMP2024B014,COMP-B-14,Reyansh Malhotra,COMP,COMP-B,25PCC13CE22,2026-27-SEM5
COMP2024B014,COMP-B-14,Reyansh Malhotra,COMP,COMP-B,25VSE13CE04,2026-27-SEM5
COMP2024B015,COMP-B-15,Anika Chopra,COMP,COMP-B,25PCC13CE14,2026-27-SEM5
COMP2024B015,COMP-B-15,Anika Chopra,COMP,COMP-B,25PCC13CE19,2026-27-SEM5
COMP2024B015,COMP-B-15,Anika Chopra,COMP,COMP-B,25PCC13CE21,2026-27-SEM5
COMP2024B015,COMP-B-15,Anika Chopra,COMP,COMP-B,25PCC13CE22,2026-27-SEM5
COMP2024B015,COMP-B-15,Anika Chopra,COMP,COMP-B,25VSE13CE04,2026-27-SEM5
COMP2024B016,COMP-B-16,Ayaan Khanna,COMP,COMP-B,25PCC13CE14,2026-27-SEM5
COMP2024B016,COMP-B-16,Ayaan Khanna,COMP,COMP-B,25PCC13CE19,2026-27-SEM5
COMP2024B016,COMP-B-16,Ayaan Khanna,COMP,COMP-B,25PCC13CE21,2026-27-SEM5
COMP2024B016,COMP-B-16,Ayaan Khanna,COMP,COMP-B,25PCC13CE22,2026-27-SEM5
COMP2024B016,COMP-B-16,Ayaan Khanna,COMP,COMP-B,25VSE13CE04,2026-27-SEM5
COMP2024B017,COMP-B-17,Tara Kapoor,COMP,COMP-B,25PCC13CE14,2026-27-SEM5
COMP2024B017,COMP-B-17,Tara Kapoor,COMP,COMP-B,25PCC13CE19,2026-27-SEM5
COMP2024B017,COMP-B-17,Tara Kapoor,COMP,COMP-B,25PCC13CE21,2026-27-SEM5
COMP2024B017,COMP-B-17,Tara Kapoor,COMP,COMP-B,25PCC13CE22,2026-27-SEM5
COMP2024B017,COMP-B-17,Tara Kapoor,COMP,COMP-B,25VSE13CE04,2026-27-SEM5
COMP2024B018,COMP-B-18,Kavya Dubey,COMP,COMP-B,25PCC13CE14,2026-27-SEM5
COMP2024B018,COMP-B-18,Kavya Dubey,COMP,COMP-B,25PCC13CE19,2026-27-SEM5
COMP2024B018,COMP-B-18,Kavya Dubey,COMP,COMP-B,25PCC13CE21,2026-27-SEM5
COMP2024B018,COMP-B-18,Kavya Dubey,COMP,COMP-B,25PCC13CE22,2026-27-SEM5
COMP2024B018,COMP-B-18,Kavya Dubey,COMP,COMP-B,25VSE13CE04,2026-27-SEM5
COMP2024B019,COMP-B-19,Vihaan Tiwari,COMP,COMP-B,25PCC13CE14,2026-27-SEM5
COMP2024B019,COMP-B-19,Vihaan Tiwari,COMP,COMP-B,25PCC13CE19,2026-27-SEM5
COMP2024B019,COMP-B-19,Vihaan Tiwari,COMP,COMP-B,25PCC13CE21,2026-27-SEM5
COMP2024B019,COMP-B-19,Vihaan Tiwari,COMP,COMP-B,25PCC13CE22,2026-27-SEM5
COMP2024B019,COMP-B-19,Vihaan Tiwari,COMP,COMP-B,25VSE13CE04,2026-27-SEM5
COMP2024B020,COMP-B-20,Samaira Pandey,COMP,COMP-B,25PCC13CE14,2026-27-SEM5
COMP2024B020,COMP-B-20,Samaira Pandey,COMP,COMP-B,25PCC13CE19,2026-27-SEM5
COMP2024B020,COMP-B-20,Samaira Pandey,COMP,COMP-B,25PCC13CE21,2026-27-SEM5
COMP2024B020,COMP-B-20,Samaira Pandey,COMP,COMP-B,25PCC13CE22,2026-27-SEM5
COMP2024B020,COMP-B-20,Samaira Pandey,COMP,COMP-B,25VSE13CE04,2026-27-SEM5
COMP2024B021,COMP-B-21,Shaurya Mishra,COMP,COMP-B,25PCC13CE14,2026-27-SEM5
COMP2024B021,COMP-B-21,Shaurya Mishra,COMP,COMP-B,25PCC13CE19,2026-27-SEM5
COMP2024B021,COMP-B-21,Shaurya Mishra,COMP,COMP-B,25PCC13CE21,2026-27-SEM5
COMP2024B021,COMP-B-21,Shaurya Mishra,COMP,COMP-B,25PCC13CE22,2026-27-SEM5
COMP2024B021,COMP-B-21,Shaurya Mishra,COMP,COMP-B,25VSE13CE04,2026-27-SEM5
COMP2024B022,COMP-B-22,Myra Trivedi,COMP,COMP-B,25PCC13CE14,2026-27-SEM5
COMP2024B022,COMP-B-22,Myra Trivedi,COMP,COMP-B,25PCC13CE19,2026-27-SEM5
COMP2024B022,COMP-B-22,Myra Trivedi,COMP,COMP-B,25PCC13CE21,2026-27-SEM5
COMP2024B022,COMP-B-22,Myra Trivedi,COMP,COMP-B,25PCC13CE22,2026-27-SEM5
COMP2024B022,COMP-B-22,Myra Trivedi,COMP,COMP-B,25VSE13CE04,2026-27-SEM5
COMP2024B023,COMP-B-23,Atharv Pathak,COMP,COMP-B,25PCC13CE14,2026-27-SEM5
COMP2024B023,COMP-B-23,Atharv Pathak,COMP,COMP-B,25PCC13CE19,2026-27-SEM5
COMP2024B023,COMP-B-23,Atharv Pathak,COMP,COMP-B,25PCC13CE21,2026-27-SEM5
COMP2024B023,COMP-B-23,Atharv Pathak,COMP,COMP-B,25PCC13CE22,2026-27-SEM5
COMP2024B023,COMP-B-23,Atharv Pathak,COMP,COMP-B,25VSE13CE04,2026-27-SEM5
COMP2024B024,COMP-B-24,Prisha Shukla,COMP,COMP-B,25PCC13CE14,2026-27-SEM5
COMP2024B024,COMP-B-24,Prisha Shukla,COMP,COMP-B,25PCC13CE19,2026-27-SEM5
COMP2024B024,COMP-B-24,Prisha Shukla,COMP,COMP-B,25PCC13CE21,2026-27-SEM5
COMP2024B024,COMP-B-24,Prisha Shukla,COMP,COMP-B,25PCC13CE22,2026-27-SEM5
COMP2024B024,COMP-B-24,Prisha Shukla,COMP,COMP-B,25VSE13CE04,2026-27-SEM5
COMP2024B025,COMP-B-25,Advait Tripathi,COMP,COMP-B,25PCC13CE14,2026-27-SEM5
COMP2024B025,COMP-B-25,Advait Tripathi,COMP,COMP-B,25PCC13CE19,2026-27-SEM5
COMP2024B025,COMP-B-25,Advait Tripathi,COMP,COMP-B,25PCC13CE21,2026-27-SEM5
COMP2024B025,COMP-B-25,Advait Tripathi,COMP,COMP-B,25PCC13CE22,2026-27-SEM5
COMP2024B025,COMP-B-25,Advait Tripathi,COMP,COMP-B,25VSE13CE04,2026-27-SEM5
COMP2024B026,COMP-B-26,Siya Dwivedi,COMP,COMP-B,25PCC13CE14,2026-27-SEM5
COMP2024B026,COMP-B-26,Siya Dwivedi,COMP,COMP-B,25PCC13CE19,2026-27-SEM5
COMP2024B026,COMP-B-26,Siya Dwivedi,COMP,COMP-B,25PCC13CE21,2026-27-SEM5
COMP2024B026,COMP-B-26,Siya Dwivedi,COMP,COMP-B,25PCC13CE22,2026-27-SEM5
COMP2024B026,COMP-B-26,Siya Dwivedi,COMP,COMP-B,25VSE13CE04,2026-27-SEM5
COMP2024B027,COMP-B-27,Dhruv Chaturvedi,COMP,COMP-B,25PCC13CE14,2026-27-SEM5
COMP2024B027,COMP-B-27,Dhruv Chaturvedi,COMP,COMP-B,25PCC13CE19,2026-27-SEM5
COMP2024B027,COMP-B-27,Dhruv Chaturvedi,COMP,COMP-B,25PCC13CE21,2026-27-SEM5
COMP2024B027,COMP-B-27,Dhruv Chaturvedi,COMP,COMP-B,25PCC13CE22,2026-27-SEM5
COMP2024B027,COMP-B-27,Dhruv Chaturvedi,COMP,COMP-B,25VSE13CE04,2026-27-SEM5
COMP2024B028,COMP-B-28,Anvi Banerjee,COMP,COMP-B,25PCC13CE14,2026-27-SEM5
COMP2024B028,COMP-B-28,Anvi Banerjee,COMP,COMP-B,25PCC13CE19,2026-27-SEM5
COMP2024B028,COMP-B-28,Anvi Banerjee,COMP,COMP-B,25PCC13CE21,2026-27-SEM5
COMP2024B028,COMP-B-28,Anvi Banerjee,COMP,COMP-B,25PCC13CE22,2026-27-SEM5
COMP2024B028,COMP-B-28,Anvi Banerjee,COMP,COMP-B,25VSE13CE04,2026-27-SEM5
COMP2024B029,COMP-B-29,Dev Chatterjee,COMP,COMP-B,25PCC13CE14,2026-27-SEM5
COMP2024B029,COMP-B-29,Dev Chatterjee,COMP,COMP-B,25PCC13CE19,2026-27-SEM5
COMP2024B029,COMP-B-29,Dev Chatterjee,COMP,COMP-B,25PCC13CE21,2026-27-SEM5
COMP2024B029,COMP-B-29,Dev Chatterjee,COMP,COMP-B,25PCC13CE22,2026-27-SEM5
COMP2024B029,COMP-B-29,Dev Chatterjee,COMP,COMP-B,25VSE13CE04,2026-27-SEM5
COMP2024B030,COMP-B-30,Ira Mukherjee,COMP,COMP-B,25PCC13CE14,2026-27-SEM5
COMP2024B030,COMP-B-30,Ira Mukherjee,COMP,COMP-B,25PCC13CE19,2026-27-SEM5
COMP2024B030,COMP-B-30,Ira Mukherjee,COMP,COMP-B,25PCC13CE21,2026-27-SEM5
COMP2024B030,COMP-B-30,Ira Mukherjee,COMP,COMP-B,25PCC13CE22,2026-27-SEM5
COMP2024B030,COMP-B-30,Ira Mukherjee,COMP,COMP-B,25VSE13CE04,2026-27-SEM5
COMP2024B031,COMP-B-31,Samar Ghosh,COMP,COMP-B,25PCC13CE14,2026-27-SEM5
COMP2024B031,COMP-B-31,Samar Ghosh,COMP,COMP-B,25PCC13CE19,2026-27-SEM5
COMP2024B031,COMP-B-31,Samar Ghosh,COMP,COMP-B,25PCC13CE21,2026-27-SEM5
COMP2024B031,COMP-B-31,Samar Ghosh,COMP,COMP-B,25PCC13CE22,2026-27-SEM5
COMP2024B031,COMP-B-31,Samar Ghosh,COMP,COMP-B,25VSE13CE04,2026-27-SEM5
COMP2024B032,COMP-B-32,Sara Bose,COMP,COMP-B,25PCC13CE14,2026-27-SEM5
COMP2024B032,COMP-B-32,Sara Bose,COMP,COMP-B,25PCC13CE19,2026-27-SEM5
COMP2024B032,COMP-B-32,Sara Bose,COMP,COMP-B,25PCC13CE21,2026-27-SEM5
COMP2024B032,COMP-B-32,Sara Bose,COMP,COMP-B,25PCC13CE22,2026-27-SEM5
COMP2024B032,COMP-B-32,Sara Bose,COMP,COMP-B,25VSE13CE04,2026-27-SEM5
COMP2024B033,COMP-B-33,Kian Dutta,COMP,COMP-B,25PCC13CE14,2026-27-SEM5
COMP2024B033,COMP-B-33,Kian Dutta,COMP,COMP-B,25PCC13CE19,2026-27-SEM5
COMP2024B033,COMP-B-33,Kian Dutta,COMP,COMP-B,25PCC13CE21,2026-27-SEM5
COMP2024B033,COMP-B-33,Kian Dutta,COMP,COMP-B,25PCC13CE22,2026-27-SEM5
COMP2024B033,COMP-B-33,Kian Dutta,COMP,COMP-B,25VSE13CE04,2026-27-SEM5
COMP2024B034,COMP-B-34,Navya Das,COMP,COMP-B,25PCC13CE14,2026-27-SEM5
COMP2024B034,COMP-B-34,Navya Das,COMP,COMP-B,25PCC13CE19,2026-27-SEM5
COMP2024B034,COMP-B-34,Navya Das,COMP,COMP-B,25PCC13CE21,2026-27-SEM5
COMP2024B034,COMP-B-34,Navya Das,COMP,COMP-B,25PCC13CE22,2026-27-SEM5
COMP2024B034,COMP-B-34,Navya Das,COMP,COMP-B,25VSE13CE04,2026-27-SEM5
COMP2024B035,COMP-B-35,Rudra Saha,COMP,COMP-B,25PCC13CE14,2026-27-SEM5
COMP2024B035,COMP-B-35,Rudra Saha,COMP,COMP-B,25PCC13CE19,2026-27-SEM5
COMP2024B035,COMP-B-35,Rudra Saha,COMP,COMP-B,25PCC13CE21,2026-27-SEM5
COMP2024B035,COMP-B-35,Rudra Saha,COMP,COMP-B,25PCC13CE22,2026-27-SEM5
COMP2024B035,COMP-B-35,Rudra Saha,COMP,COMP-B,25VSE13CE04,2026-27-SEM5
COMP2024B036,COMP-B-36,Kyra Bhattacharya,COMP,COMP-B,25PCC13CE14,2026-27-SEM5
COMP2024B036,COMP-B-36,Kyra Bhattacharya,COMP,COMP-B,25PCC13CE19,2026-27-SEM5
COMP2024B036,COMP-B-36,Kyra Bhattacharya,COMP,COMP-B,25PCC13CE21,2026-27-SEM5
COMP2024B036,COMP-B-36,Kyra Bhattacharya,COMP,COMP-B,25PCC13CE22,2026-27-SEM5
COMP2024B036,COMP-B-36,Kyra Bhattacharya,COMP,COMP-B,25VSE13CE04,2026-27-SEM5
COMP2024B037,COMP-B-37,Arnav Chakraborty,COMP,COMP-B,25PCC13CE14,2026-27-SEM5
COMP2024B037,COMP-B-37,Arnav Chakraborty,COMP,COMP-B,25PCC13CE19,2026-27-SEM5
COMP2024B037,COMP-B-37,Arnav Chakraborty,COMP,COMP-B,25PCC13CE21,2026-27-SEM5
COMP2024B037,COMP-B-37,Arnav Chakraborty,COMP,COMP-B,25PCC13CE22,2026-27-SEM5
COMP2024B037,COMP-B-37,Arnav Chakraborty,COMP,COMP-B,25VSE13CE04,2026-27-SEM5
COMP2024B038,COMP-B-38,Avani Sengupta,COMP,COMP-B,25PCC13CE14,2026-27-SEM5
COMP2024B038,COMP-B-38,Avani Sengupta,COMP,COMP-B,25PCC13CE19,2026-27-SEM5
COMP2024B038,COMP-B-38,Avani Sengupta,COMP,COMP-B,25PCC13CE21,2026-27-SEM5
COMP2024B038,COMP-B-38,Avani Sengupta,COMP,COMP-B,25PCC13CE22,2026-27-SEM5
COMP2024B038,COMP-B-38,Avani Sengupta,COMP,COMP-B,25VSE13CE04,2026-27-SEM5
COMP2024B039,COMP-B-39,Parth Rao,COMP,COMP-B,25PCC13CE14,2026-27-SEM5
COMP2024B039,COMP-B-39,Parth Rao,COMP,COMP-B,25PCC13CE19,2026-27-SEM5
COMP2024B039,COMP-B-39,Parth Rao,COMP,COMP-B,25PCC13CE21,2026-27-SEM5
COMP2024B039,COMP-B-39,Parth Rao,COMP,COMP-B,25PCC13CE22,2026-27-SEM5
COMP2024B039,COMP-B-39,Parth Rao,COMP,COMP-B,25VSE13CE04,2026-27-SEM5
COMP2024B040,COMP-B-40,Ahana Reddy,COMP,COMP-B,25PCC13CE14,2026-27-SEM5
COMP2024B040,COMP-B-40,Ahana Reddy,COMP,COMP-B,25PCC13CE19,2026-27-SEM5
COMP2024B040,COMP-B-40,Ahana Reddy,COMP,COMP-B,25PCC13CE21,2026-27-SEM5
COMP2024B040,COMP-B-40,Ahana Reddy,COMP,COMP-B,25PCC13CE22,2026-27-SEM5
COMP2024B040,COMP-B-40,Ahana Reddy,COMP,COMP-B,25VSE13CE04,2026-27-SEM5
COMP2024B041,COMP-B-41,Aarush Natarajan,COMP,COMP-B,25PCC13CE14,2026-27-SEM5
COMP2024B041,COMP-B-41,Aarush Natarajan,COMP,COMP-B,25PCC13CE19,2026-27-SEM5
COMP2024B041,COMP-B-41,Aarush Natarajan,COMP,COMP-B,25PCC13CE21,2026-27-SEM5
COMP2024B041,COMP-B-41,Aarush Natarajan,COMP,COMP-B,25PCC13CE22,2026-27-SEM5
COMP2024B041,COMP-B-41,Aarush Natarajan,COMP,COMP-B,25VSE13CE04,2026-27-SEM5
COMP2024B042,COMP-B-42,Arya Subramanian,COMP,COMP-B,25PCC13CE14,2026-27-SEM5
COMP2024B042,COMP-B-42,Arya Subramanian,COMP,COMP-B,25PCC13CE19,2026-27-SEM5
COMP2024B042,COMP-B-42,Arya Subramanian,COMP,COMP-B,25PCC13CE21,2026-27-SEM5
COMP2024B042,COMP-B-42,Arya Subramanian,COMP,COMP-B,25PCC13CE22,2026-27-SEM5
COMP2024B042,COMP-B-42,Arya Subramanian,COMP,COMP-B,25VSE13CE04,2026-27-SEM5
COMP2024B043,COMP-B-43,Darsh Krishnan,COMP,COMP-B,25PCC13CE14,2026-27-SEM5
COMP2024B043,COMP-B-43,Darsh Krishnan,COMP,COMP-B,25PCC13CE19,2026-27-SEM5
COMP2024B043,COMP-B-43,Darsh Krishnan,COMP,COMP-B,25PCC13CE21,2026-27-SEM5
COMP2024B043,COMP-B-43,Darsh Krishnan,COMP,COMP-B,25PCC13CE22,2026-27-SEM5
COMP2024B043,COMP-B-43,Darsh Krishnan,COMP,COMP-B,25VSE13CE04,2026-27-SEM5
COMP2024B044,COMP-B-44,Riddhi Sundaram,COMP,COMP-B,25PCC13CE14,2026-27-SEM5
COMP2024B044,COMP-B-44,Riddhi Sundaram,COMP,COMP-B,25PCC13CE19,2026-27-SEM5
COMP2024B044,COMP-B-44,Riddhi Sundaram,COMP,COMP-B,25PCC13CE21,2026-27-SEM5
COMP2024B044,COMP-B-44,Riddhi Sundaram,COMP,COMP-B,25PCC13CE22,2026-27-SEM5
COMP2024B044,COMP-B-44,Riddhi Sundaram,COMP,COMP-B,25VSE13CE04,2026-27-SEM5
COMP2024B045,COMP-B-45,Hridaan Swaminathan,COMP,COMP-B,25PCC13CE14,2026-27-SEM5
COMP2024B045,COMP-B-45,Hridaan Swaminathan,COMP,COMP-B,25PCC13CE19,2026-27-SEM5
COMP2024B045,COMP-B-45,Hridaan Swaminathan,COMP,COMP-B,25PCC13CE21,2026-27-SEM5
COMP2024B045,COMP-B-45,Hridaan Swaminathan,COMP,COMP-B,25PCC13CE22,2026-27-SEM5
COMP2024B045,COMP-B-45,Hridaan Swaminathan,COMP,COMP-B,25VSE13CE04,2026-27-SEM5
COMP2024B046,COMP-B-46,Nisha Balasubramanian,COMP,COMP-B,25PCC13CE14,2026-27-SEM5
COMP2024B046,COMP-B-46,Nisha Balasubramanian,COMP,COMP-B,25PCC13CE19,2026-27-SEM5
COMP2024B046,COMP-B-46,Nisha Balasubramanian,COMP,COMP-B,25PCC13CE21,2026-27-SEM5
COMP2024B046,COMP-B-46,Nisha Balasubramanian,COMP,COMP-B,25PCC13CE22,2026-27-SEM5
COMP2024B046,COMP-B-46,Nisha Balasubramanian,COMP,COMP-B,25VSE13CE04,2026-27-SEM5
COMP2024B047,COMP-B-47,Yuvan Venkatesh,COMP,COMP-B,25PCC13CE14,2026-27-SEM5
COMP2024B047,COMP-B-47,Yuvan Venkatesh,COMP,COMP-B,25PCC13CE19,2026-27-SEM5
COMP2024B047,COMP-B-47,Yuvan Venkatesh,COMP,COMP-B,25PCC13CE21,2026-27-SEM5
COMP2024B047,COMP-B-47,Yuvan Venkatesh,COMP,COMP-B,25PCC13CE22,2026-27-SEM5
COMP2024B047,COMP-B-47,Yuvan Venkatesh,COMP,COMP-B,25VSE13CE04,2026-27-SEM5
COMP2024B048,COMP-B-48,Pari Ramachandran,COMP,COMP-B,25PCC13CE14,2026-27-SEM5
COMP2024B048,COMP-B-48,Pari Ramachandran,COMP,COMP-B,25PCC13CE19,2026-27-SEM5
COMP2024B048,COMP-B-48,Pari Ramachandran,COMP,COMP-B,25PCC13CE21,2026-27-SEM5
COMP2024B048,COMP-B-48,Pari Ramachandran,COMP,COMP-B,25PCC13CE22,2026-27-SEM5
COMP2024B048,COMP-B-48,Pari Ramachandran,COMP,COMP-B,25VSE13CE04,2026-27-SEM5
COMP2024B049,COMP-B-49,Neil Srinivasan,COMP,COMP-B,25PCC13CE14,2026-27-SEM5
COMP2024B049,COMP-B-49,Neil Srinivasan,COMP,COMP-B,25PCC13CE19,2026-27-SEM5
COMP2024B049,COMP-B-49,Neil Srinivasan,COMP,COMP-B,25PCC13CE21,2026-27-SEM5
COMP2024B049,COMP-B-49,Neil Srinivasan,COMP,COMP-B,25PCC13CE22,2026-27-SEM5
COMP2024B049,COMP-B-49,Neil Srinivasan,COMP,COMP-B,25VSE13CE04,2026-27-SEM5
COMP2024B050,COMP-B-50,Anaya Ranganathan,COMP,COMP-B,25PCC13CE14,2026-27-SEM5
COMP2024B050,COMP-B-50,Anaya Ranganathan,COMP,COMP-B,25PCC13CE19,2026-27-SEM5
COMP2024B050,COMP-B-50,Anaya Ranganathan,COMP,COMP-B,25PCC13CE21,2026-27-SEM5
COMP2024B050,COMP-B-50,Anaya Ranganathan,COMP,COMP-B,25PCC13CE22,2026-27-SEM5
COMP2024B050,COMP-B-50,Anaya Ranganathan,COMP,COMP-B,25VSE13CE04,2026-27-SEM5
COMP2024B051,COMP-B-51,Madhav Fernandes,COMP,COMP-B,25PCC13CE14,2026-27-SEM5
COMP2024B051,COMP-B-51,Madhav Fernandes,COMP,COMP-B,25PCC13CE19,2026-27-SEM5
COMP2024B051,COMP-B-51,Madhav Fernandes,COMP,COMP-B,25PCC13CE21,2026-27-SEM5
COMP2024B051,COMP-B-51,Madhav Fernandes,COMP,COMP-B,25PCC13CE22,2026-27-SEM5
COMP2024B051,COMP-B-51,Madhav Fernandes,COMP,COMP-B,25VSE13CE04,2026-27-SEM5
COMP2024B052,COMP-B-52,Kashvi D'Souza,COMP,COMP-B,25PCC13CE14,2026-27-SEM5
COMP2024B052,COMP-B-52,Kashvi D'Souza,COMP,COMP-B,25PCC13CE19,2026-27-SEM5
COMP2024B052,COMP-B-52,Kashvi D'Souza,COMP,COMP-B,25PCC13CE21,2026-27-SEM5
COMP2024B052,COMP-B-52,Kashvi D'Souza,COMP,COMP-B,25PCC13CE22,2026-27-SEM5
COMP2024B052,COMP-B-52,Kashvi D'Souza,COMP,COMP-B,25VSE13CE04,2026-27-SEM5
COMP2024B053,COMP-B-53,Tanay Pereira,COMP,COMP-B,25PCC13CE14,2026-27-SEM5
COMP2024B053,COMP-B-53,Tanay Pereira,COMP,COMP-B,25PCC13CE19,2026-27-SEM5
COMP2024B053,COMP-B-53,Tanay Pereira,COMP,COMP-B,25PCC13CE21,2026-27-SEM5
COMP2024B053,COMP-B-53,Tanay Pereira,COMP,COMP-B,25PCC13CE22,2026-27-SEM5
COMP2024B053,COMP-B-53,Tanay Pereira,COMP,COMP-B,25VSE13CE04,2026-27-SEM5
COMP2024B054,COMP-B-54,Mishti Rodrigues,COMP,COMP-B,25PCC13CE14,2026-27-SEM5
COMP2024B054,COMP-B-54,Mishti Rodrigues,COMP,COMP-B,25PCC13CE19,2026-27-SEM5
COMP2024B054,COMP-B-54,Mishti Rodrigues,COMP,COMP-B,25PCC13CE21,2026-27-SEM5
COMP2024B054,COMP-B-54,Mishti Rodrigues,COMP,COMP-B,25PCC13CE22,2026-27-SEM5
COMP2024B054,COMP-B-54,Mishti Rodrigues,COMP,COMP-B,25VSE13CE04,2026-27-SEM5
COMP2024B055,COMP-B-55,Raghav Gonsalves,COMP,COMP-B,25PCC13CE14,2026-27-SEM5
COMP2024B055,COMP-B-55,Raghav Gonsalves,COMP,COMP-B,25PCC13CE19,2026-27-SEM5
COMP2024B055,COMP-B-55,Raghav Gonsalves,COMP,COMP-B,25PCC13CE21,2026-27-SEM5
COMP2024B055,COMP-B-55,Raghav Gonsalves,COMP,COMP-B,25PCC13CE22,2026-27-SEM5
COMP2024B055,COMP-B-55,Raghav Gonsalves,COMP,COMP-B,25VSE13CE04,2026-27-SEM5
COMP2024B056,COMP-B-56,Veda Lobo,COMP,COMP-B,25PCC13CE14,2026-27-SEM5
COMP2024B056,COMP-B-56,Veda Lobo,COMP,COMP-B,25PCC13CE19,2026-27-SEM5
COMP2024B056,COMP-B-56,Veda Lobo,COMP,COMP-B,25PCC13CE21,2026-27-SEM5
COMP2024B056,COMP-B-56,Veda Lobo,COMP,COMP-B,25PCC13CE22,2026-27-SEM5
COMP2024B056,COMP-B-56,Veda Lobo,COMP,COMP-B,25VSE13CE04,2026-27-SEM5
COMP2024B057,COMP-B-57,Harsh Almeida,COMP,COMP-B,25PCC13CE14,2026-27-SEM5
COMP2024B057,COMP-B-57,Harsh Almeida,COMP,COMP-B,25PCC13CE19,2026-27-SEM5
COMP2024B057,COMP-B-57,Harsh Almeida,COMP,COMP-B,25PCC13CE21,2026-27-SEM5
COMP2024B057,COMP-B-57,Harsh Almeida,COMP,COMP-B,25PCC13CE22,2026-27-SEM5
COMP2024B057,COMP-B-57,Harsh Almeida,COMP,COMP-B,25VSE13CE04,2026-27-SEM5
COMP2024B058,COMP-B-58,Mira Pinto,COMP,COMP-B,25PCC13CE14,2026-27-SEM5
COMP2024B058,COMP-B-58,Mira Pinto,COMP,COMP-B,25PCC13CE19,2026-27-SEM5
COMP2024B058,COMP-B-58,Mira Pinto,COMP,COMP-B,25PCC13CE21,2026-27-SEM5
COMP2024B058,COMP-B-58,Mira Pinto,COMP,COMP-B,25PCC13CE22,2026-27-SEM5
COMP2024B058,COMP-B-58,Mira Pinto,COMP,COMP-B,25VSE13CE04,2026-27-SEM5
COMP2024B059,COMP-B-59,Ayush Cardozo,COMP,COMP-B,25PCC13CE14,2026-27-SEM5
COMP2024B059,COMP-B-59,Ayush Cardozo,COMP,COMP-B,25PCC13CE19,2026-27-SEM5
COMP2024B059,COMP-B-59,Ayush Cardozo,COMP,COMP-B,25PCC13CE21,2026-27-SEM5
COMP2024B059,COMP-B-59,Ayush Cardozo,COMP,COMP-B,25PCC13CE22,2026-27-SEM5
COMP2024B059,COMP-B-59,Ayush Cardozo,COMP,COMP-B,25VSE13CE04,2026-27-SEM5
COMP2024B060,COMP-B-60,Sanvi Sequeira,COMP,COMP-B,25PCC13CE14,2026-27-SEM5
COMP2024B060,COMP-B-60,Sanvi Sequeira,COMP,COMP-B,25PCC13CE19,2026-27-SEM5
COMP2024B060,COMP-B-60,Sanvi Sequeira,COMP,COMP-B,25PCC13CE21,2026-27-SEM5
COMP2024B060,COMP-B-60,Sanvi Sequeira,COMP,COMP-B,25PCC13CE22,2026-27-SEM5
COMP2024B060,COMP-B-60,Sanvi Sequeira,COMP,COMP-B,25VSE13CE04,2026-27-SEM5
COMP2024B061,COMP-B-61,Pranav Vance,COMP,COMP-B,25PCC13CE14,2026-27-SEM5
COMP2024B061,COMP-B-61,Pranav Vance,COMP,COMP-B,25PCC13CE19,2026-27-SEM5
COMP2024B061,COMP-B-61,Pranav Vance,COMP,COMP-B,25PCC13CE21,2026-27-SEM5
COMP2024B061,COMP-B-61,Pranav Vance,COMP,COMP-B,25PCC13CE22,2026-27-SEM5
COMP2024B061,COMP-B-61,Pranav Vance,COMP,COMP-B,25VSE13CE04,2026-27-SEM5
COMP2024B062,COMP-B-62,Zoya Sterling,COMP,COMP-B,25PCC13CE14,2026-27-SEM5
COMP2024B062,COMP-B-62,Zoya Sterling,COMP,COMP-B,25PCC13CE19,2026-27-SEM5
COMP2024B062,COMP-B-62,Zoya Sterling,COMP,COMP-B,25PCC13CE21,2026-27-SEM5
COMP2024B062,COMP-B-62,Zoya Sterling,COMP,COMP-B,25PCC13CE22,2026-27-SEM5
COMP2024B062,COMP-B-62,Zoya Sterling,COMP,COMP-B,25VSE13CE04,2026-27-SEM5
COMP2024B063,COMP-B-63,Kunal Holloway,COMP,COMP-B,25PCC13CE14,2026-27-SEM5
COMP2024B063,COMP-B-63,Kunal Holloway,COMP,COMP-B,25PCC13CE19,2026-27-SEM5
COMP2024B063,COMP-B-63,Kunal Holloway,COMP,COMP-B,25PCC13CE21,2026-27-SEM5
COMP2024B063,COMP-B-63,Kunal Holloway,COMP,COMP-B,25PCC13CE22,2026-27-SEM5
COMP2024B063,COMP-B-63,Kunal Holloway,COMP,COMP-B,25VSE13CE04,2026-27-SEM5
COMP2024B064,COMP-B-64,Tia Blackwood,COMP,COMP-B,25PCC13CE14,2026-27-SEM5
COMP2024B064,COMP-B-64,Tia Blackwood,COMP,COMP-B,25PCC13CE19,2026-27-SEM5
COMP2024B064,COMP-B-64,Tia Blackwood,COMP,COMP-B,25PCC13CE21,2026-27-SEM5
COMP2024B064,COMP-B-64,Tia Blackwood,COMP,COMP-B,25PCC13CE22,2026-27-SEM5
COMP2024B064,COMP-B-64,Tia Blackwood,COMP,COMP-B,25VSE13CE04,2026-27-SEM5
COMP2024B065,COMP-B-65,Nirvaan Sinclair,COMP,COMP-B,25PCC13CE14,2026-27-SEM5
COMP2024B065,COMP-B-65,Nirvaan Sinclair,COMP,COMP-B,25PCC13CE19,2026-27-SEM5
COMP2024B065,COMP-B-65,Nirvaan Sinclair,COMP,COMP-B,25PCC13CE21,2026-27-SEM5
COMP2024B065,COMP-B-65,Nirvaan Sinclair,COMP,COMP-B,25PCC13CE22,2026-27-SEM5
COMP2024B065,COMP-B-65,Nirvaan Sinclair,COMP,COMP-B,25VSE13CE04,2026-27-SEM5
COMP2024B066,COMP-B-66,Ruhi Vanderbilt,COMP,COMP-B,25PCC13CE14,2026-27-SEM5
COMP2024B066,COMP-B-66,Ruhi Vanderbilt,COMP,COMP-B,25PCC13CE19,2026-27-SEM5
COMP2024B066,COMP-B-66,Ruhi Vanderbilt,COMP,COMP-B,25PCC13CE21,2026-27-SEM5
COMP2024B066,COMP-B-66,Ruhi Vanderbilt,COMP,COMP-B,25PCC13CE22,2026-27-SEM5
COMP2024B066,COMP-B-66,Ruhi Vanderbilt,COMP,COMP-B,25VSE13CE04,2026-27-SEM5
COMP2024B067,COMP-B-67,Shlok Hastings,COMP,COMP-B,25PCC13CE14,2026-27-SEM5
COMP2024B067,COMP-B-67,Shlok Hastings,COMP,COMP-B,25PCC13CE19,2026-27-SEM5
COMP2024B067,COMP-B-67,Shlok Hastings,COMP,COMP-B,25PCC13CE21,2026-27-SEM5
COMP2024B067,COMP-B-67,Shlok Hastings,COMP,COMP-B,25PCC13CE22,2026-27-SEM5
COMP2024B067,COMP-B-67,Shlok Hastings,COMP,COMP-B,25VSE13CE04,2026-27-SEM5
COMP2024B068,COMP-B-68,Isha Montgomery,COMP,COMP-B,25PCC13CE14,2026-27-SEM5
COMP2024B068,COMP-B-68,Isha Montgomery,COMP,COMP-B,25PCC13CE19,2026-27-SEM5
COMP2024B068,COMP-B-68,Isha Montgomery,COMP,COMP-B,25PCC13CE21,2026-27-SEM5
COMP2024B068,COMP-B-68,Isha Montgomery,COMP,COMP-B,25PCC13CE22,2026-27-SEM5
COMP2024B068,COMP-B-68,Isha Montgomery,COMP,COMP-B,25VSE13CE04,2026-27-SEM5
COMP2024B069,COMP-B-69,Manan Kensington,COMP,COMP-B,25PCC13CE14,2026-27-SEM5
COMP2024B069,COMP-B-69,Manan Kensington,COMP,COMP-B,25PCC13CE19,2026-27-SEM5
COMP2024B069,COMP-B-69,Manan Kensington,COMP,COMP-B,25PCC13CE21,2026-27-SEM5
COMP2024B069,COMP-B-69,Manan Kensington,COMP,COMP-B,25PCC13CE22,2026-27-SEM5
COMP2024B069,COMP-B-69,Manan Kensington,COMP,COMP-B,25VSE13CE04,2026-27-SEM5
COMP2024B070,COMP-B-70,Kiara Lancaster,COMP,COMP-B,25PCC13CE14,2026-27-SEM5
COMP2024B070,COMP-B-70,Kiara Lancaster,COMP,COMP-B,25PCC13CE19,2026-27-SEM5
COMP2024B070,COMP-B-70,Kiara Lancaster,COMP,COMP-B,25PCC13CE21,2026-27-SEM5
COMP2024B070,COMP-B-70,Kiara Lancaster,COMP,COMP-B,25PCC13CE22,2026-27-SEM5
COMP2024B070,COMP-B-70,Kiara Lancaster,COMP,COMP-B,25VSE13CE04,2026-27-SEM5
