student_id,roll_no,department,class_div,course_code,academic_term
2023CE001,CE-A-01,Computer,COMP-A,25PEC13CE11,2026-27-SEM5
2023CE001,CE-A-01,Computer,COMP-A,25PECL13CE15,2026-27-SEM5
2023CE002,CE-A-02,Computer,COMP-A,25PEC13CE12,2026-27-SEM5
2023CE002,CE-A-02,Computer,COMP-A,25PECL13CE12,2026-27-SEM5
2023CE003,CE-A-03,Computer,COMP-A,25PEC13CE13,2026-27-SEM5
2023CE003,CE-A-03,Computer,COMP-A,25PECL13CE11,2026-27-SEM5
2023CE004,CE-A-04,Computer,COMP-A,25PEC13CE14,2026-27-SEM5
2023CE004,CE-A-04,Computer,COMP-A,25PECL13CE13,2026-27-SEM5
2023CE005,CE-A-05,Computer,COMP-A,25PEC13CE11,2026-27-SEM5
2023CE005,CE-A-05,Computer,COMP-A,25PECL13CE15,2026-27-SEM5
2023CE006,CE-A-06,Computer,COMP-A,25PEC13CE12,2026-27-SEM5
2023CE006,CE-A-06,Computer,COMP-A,25PECL13CE12,2026-27-SEM5
2023CE007,CE-A-07,Computer,COMP-A,25PEC13CE13,2026-27-SEM5
2023CE007,CE-A-07,Computer,COMP-A,25PECL13CE11,2026-27-SEM5
2023CE008,CE-A-08,Computer,COMP-A,25PEC13CE14,2026-27-SEM5
2023CE008,CE-A-08,Computer,COMP-A,25PECL13CE13,2026-27-SEM5
2023CE009,CE-A-09,Computer,COMP-A,25PEC13CE11,2026-27-SEM5
2023CE009,CE-A-09,Computer,COMP-A,25PECL13CE15,2026-27-SEM5
2023CE010,CE-A-10,Computer,COMP-A,25PEC13CE12,2026-27-SEM5
2023CE010,CE-A-10,Computer,COMP-A,25PECL13CE12,2026-27-SEM5
2023CE011,CE-A-11,Computer,COMP-A,25PEC13CE13,2026-27-SEM5
2023CE011,CE-A-11,Computer,COMP-A,25PECL13CE11,2026-27-SEM5
2023CE012,CE-A-12,Computer,COMP-A,25PEC13CE14,2026-27-SEM5
2023CE012,CE-A-12,Computer,COMP-A,25PECL13CE13,2026-27-SEM5
2023CE013,CE-A-13,Computer,COMP-A,25PEC13CE11,2026-27-SEM5
2023CE013,CE-A-13,Computer,COMP-A,25PECL13CE15,2026-27-SEM5
2023CE014,CE-A-14,Computer,COMP-A,25PEC13CE12,2026-27-SEM5
2023CE014,CE-A-14,Computer,COMP-A,25PECL13CE12,2026-27-SEM5
2023CE015,CE-A-15,Computer,COMP-A,25PEC13CE13,2026-27-SEM5
2023CE015,CE-A-15,Computer,COMP-A,25PECL13CE11,2026-27-SEM5
2023CE016,CE-A-16,Computer,COMP-A,25PEC13CE14,2026-27-SEM5
2023CE016,CE-A-16,Computer,COMP-A,25PECL13CE13,2026-27-SEM5
2023CE017,CE-A-17,Computer,COMP-A,25PEC13CE11,2026-27-SEM5
2023CE017,CE-A-17,Computer,COMP-A,25PECL13CE15,2026-27-SEM5
2023CE018,CE-A-18,Computer,COMP-A,25PEC13CE12,2026-27-SEM5
2023CE018,CE-A-18,Computer,COMP-A,25PECL13CE12,2026-27-SEM5
2023CE019,CE-A-19,Computer,COMP-A,25PEC13CE13,2026-27-SEM5
2023CE019,CE-A-19,Computer,COMP-A,25PECL13CE11,2026-27-SEM5
2023CE020,CE-A-20,Computer,COMP-A,25PEC13CE14,2026-27-SEM5
2023CE020,CE-A-20,Computer,COMP-A,25PECL13CE13,2026-27-SEM5
2023CE021,CE-A-21,Computer,COMP-A,25PEC13CE11,2026-27-SEM5
2023CE021,CE-A-21,Computer,COMP-A,25PECL13CE15,2026-27-SEM5
2023CE022,CE-A-22,Computer,COMP-A,25PEC13CE12,2026-27-SEM5
2023CE022,CE-A-22,Computer,COMP-A,25PECL13CE12,2026-27-SEM5
2023CE023,CE-A-23,Computer,COMP-A,25PEC13CE13,2026-27-SEM5
2023CE023,CE-A-23,Computer,COMP-A,25PECL13CE11,2026-27-SEM5
2023CE024,CE-A-24,Computer,COMP-A,25PEC13CE14,2026-27-SEM5
2023CE024,CE-A-24,Computer,COMP-A,25PECL13CE13,2026-27-SEM5
2023CE025,CE-A-25,Computer,COMP-A,25PEC13CE11,2026-27-SEM5
2023CE025,CE-A-25,Computer,COMP-A,25PECL13CE15,2026-27-SEM5
2023CE026,CE-A-26,Computer,COMP-A,25PEC13CE12,2026-27-SEM5
2023CE026,CE-A-26,Computer,COMP-A,25PECL13CE12,2026-27-SEM5
2023CE027,CE-A-27,Computer,COMP-A,25PEC13CE13,2026-27-SEM5
2023CE027,CE-A-27,Computer,COMP-A,25PECL13CE11,2026-27-SEM5
2023CE028,CE-A-28,Computer,COMP-A,25PEC13CE14,2026-27-SEM5
2023CE028,CE-A-28,Computer,COMP-A,25PECL13CE13,2026-27-SEM5
2023CE029,CE-A-29,Computer,COMP-A,25PEC13CE11,2026-27-SEM5
2023CE029,CE-A-29,Computer,COMP-A,25PECL13CE15,2026-27-SEM5
2023CE030,CE-A-30,Computer,COMP-A,25PEC13CE12,2026-27-SEM5
2023CE030,CE-A-30,Computer,COMP-A,25PECL13CE12,2026-27-SEM5
2023CE031,CE-A-31,Computer,COMP-A,25PEC13CE13,2026-27-SEM5
2023CE031,CE-A-31,Computer,COMP-A,25PECL13CE11,2026-27-SEM5
2023CE032,CE-A-32,Computer,COMP-A,25PEC13CE14,2026-27-SEM5
2023CE032,CE-A-32,Computer,COMP-A,25PECL13CE13,2026-27-SEM5
2023CE033,CE-A-33,Computer,COMP-A,25PEC13CE11,2026-27-SEM5
2023CE033,CE-A-33,Computer,COMP-A,25PECL13CE15,2026-27-SEM5
2023CE034,CE-A-34,Computer,COMP-A,25PEC13CE12,2026-27-SEM5
2023CE034,CE-A-34,Computer,COMP-A,25PECL13CE12,2026-27-SEM5
2023CE035,CE-A-35,Computer,COMP-A,25PEC13CE13,2026-27-SEM5
2023CE035,CE-A-35,Computer,COMP-A,25PECL13CE11,2026-27-SEM5
2023CE036,CE-A-36,Computer,COMP-A,25PEC13CE14,2026-27-SEM5
2023CE036,CE-A-36,Computer,COMP-A,25PECL13CE13,2026-27-SEM5
2023CE037,CE-A-37,Computer,COMP-A,25PEC13CE11,2026-27-SEM5
2023CE037,CE-A-37,Computer,COMP-A,25PECL13CE15,2026-27-SEM5
2023CE038,CE-A-38,Computer,COMP-A,25PEC13CE12,2026-27-SEM5
2023CE038,CE-A-38,Computer,COMP-A,25PECL13CE12,2026-27-SEM5
2023CE039,CE-A-39,Computer,COMP-A,25PEC13CE13,2026-27-SEM5
2023CE039,CE-A-39,Computer,COMP-A,25PECL13CE11,2026-27-SEM5
2023CE040,CE-A-40,Computer,COMP-A,25PEC13CE14,2026-27-SEM5
2023CE040,CE-A-40,Computer,COMP-A,25PECL13CE13,2026-27-SEM5
2023CE041,CE-A-41,Computer,COMP-A,25PEC13CE11,2026-27-SEM5
2023CE041,CE-A-41,Computer,COMP-A,25PECL13CE15,2026-27-SEM5
2023CE042,CE-A-42,Computer,COMP-A,25PEC13CE12,2026-27-SEM5
2023CE042,CE-A-42,Computer,COMP-A,25PECL13CE12,2026-27-SEM5
2023CE043,CE-A-43,Computer,COMP-A,25PEC13CE13,2026-27-SEM5
2023CE043,CE-A-43,Computer,COMP-A,25PECL13CE11,2026-27-SEM5
2023CE044,CE-A-44,Computer,COMP-A,25PEC13CE14,2026-27-SEM5
2023CE044,CE-A-44,Computer,COMP-A,25PECL13CE13,2026-27-SEM5
2023CE045,CE-A-45,Computer,COMP-A,25PEC13CE11,2026-27-SEM5
2023CE045,CE-A-45,Computer,COMP-A,25PECL13CE15,2026-27-SEM5
2023CE046,CE-A-46,Computer,COMP-A,25PEC13CE12,2026-27-SEM5
2023CE046,CE-A-46,Computer,COMP-A,25PECL13CE12,2026-27-SEM5
2023CE047,CE-A-47,Computer,COMP-A,25PEC13CE13,2026-27-SEM5
2023CE047,CE-A-47,Computer,COMP-A,25PECL13CE11,2026-27-SEM5
2023CE048,CE-A-48,Computer,COMP-A,25PEC13CE14,2026-27-SEM5
2023CE048,CE-A-48,Computer,COMP-A,25PECL13CE13,2026-27-SEM5
2023CE049,CE-A-49,Computer,COMP-A,25PEC13CE11,2026-27-SEM5
2023CE049,CE-A-49,Computer,COMP-A,25PECL13CE15,2026-27-SEM5
2023CE050,CE-A-50,Computer,COMP-A,25PEC13CE12,2026-27-SEM5
2023CE050,CE-A-50,Computer,COMP-A,25PECL13CE12,2026-27-SEM5
2023CE051,CE-A-51,Computer,COMP-A,25PEC13CE13,2026-27-SEM5
2023CE051,CE-A-51,Computer,COMP-A,25PECL13CE11,2026-27-SEM5
2023CE052,CE-A-52,Computer,COMP-A,25PEC13CE14,2026-27-SEM5
2023CE052,CE-A-52,Computer,COMP-A,25PECL13CE13,2026-27-SEM5
2023CE053,CE-A-53,Computer,COMP-A,25PEC13CE11,2026-27-SEM5
2023CE053,CE-A-53,Computer,COMP-A,25PECL13CE15,2026-27-SEM5
2023CE054,CE-A-54,Computer,COMP-A,25PEC13CE12,2026-27-SEM5
2023CE054,CE-A-54,Computer,COMP-A,25PECL13CE12,2026-27-SEM5
2023CE055,CE-A-55,Computer,COMP-A,25PEC13CE13,2026-27-SEM5
2023CE055,CE-A-55,Computer,COMP-A,25PECL13CE11,2026-27-SEM5
2023CE056,CE-A-56,Computer,COMP-A,25PEC13CE14,2026-27-SEM5
2023CE056,CE-A-56,Computer,COMP-A,25PECL13CE13,2026-27-SEM5
2023CE057,CE-A-57,Computer,COMP-A,25PEC13CE11,2026-27-SEM5
2023CE057,CE-A-57,Computer,COMP-A,25PECL13CE15,2026-27-SEM5
2023CE058,CE-A-58,Computer,COMP-A,25PEC13CE12,2026-27-SEM5
2023CE058,CE-A-58,Computer,COMP-A,25PECL13CE12,2026-27-SEM5
2023CE059,CE-A-59,Computer,COMP-A,25PEC13CE13,2026-27-SEM5
2023CE059,CE-A-59,Computer,COMP-A,25PECL13CE11,2026-27-SEM5
2023CE060,CE-A-60,Computer,COMP-A,25PEC13CE14,2026-27-SEM5
2023CE060,CE-A-60,Computer,COMP-A,25PECL13CE13,2026-27-SEM5
2023CE061,CE-A-61,Computer,COMP-A,25PEC13CE11,2026-27-SEM5
2023CE061,CE-A-61,Computer,COMP-A,25PECL13CE15,2026-27-SEM5
2023CE062,CE-A-62,Computer,COMP-A,25PEC13CE12,2026-27-SEM5
2023CE062,CE-A-62,Computer,COMP-A,25PECL13CE12,2026-27-SEM5
2023CE063,CE-A-63,Computer,COMP-A,25PEC13CE13,2026-27-SEM5
2023CE063,CE-A-63,Computer,COMP-A,25PECL13CE11,2026-27-SEM5
2023CE064,CE-A-64,Computer,COMP-A,25PEC13CE14,2026-27-SEM5
2023CE064,CE-A-64,Computer,COMP-A,25PECL13CE13,2026-27-SEM5
2023CE065,CE-A-65,Computer,COMP-A,25PEC13CE11,2026-27-SEM5
2023CE065,CE-A-65,Computer,COMP-A,25PECL13CE15,2026-27-SEM5
2023CE066,CE-A-66,Computer,COMP-A,25PEC13CE12,2026-27-SEM5
2023CE066,CE-A-66,Computer,COMP-A,25PECL13CE12,2026-27-SEM5
2023CE067,CE-A-67,Computer,COMP-A,25PEC13CE13,2026-27-SEM5
2023CE067,CE-A-67,Computer,COMP-A,25PECL13CE11,2026-27-SEM5
2023CE068,CE-A-68,Computer,COMP-A,25PEC13CE14,2026-27-SEM5
2023CE068,CE-A-68,Computer,COMP-A,25PECL13CE13,2026-27-SEM5
2023CE069,CE-A-69,Computer,COMP-A,25PEC13CE11,2026-27-SEM5
2023CE069,CE-A-69,Computer,COMP-A,25PECL13CE15,2026-27-SEM5
2023CE070,CE-A-70,Computer,COMP-A,25PEC13CE12,2026-27-SEM5
2023CE070,CE-A-70,Computer,COMP-A,25PECL13CE12,2026-27-SEM5
2023CE101,CE-B-01,Computer,COMP-B,25PEC13CE13,2026-27-SEM5
2023CE101,CE-B-01,Computer,COMP-B,25PECL13CE11,2026-27-SEM5
2023CE102,CE-B-02,Computer,COMP-B,25PEC13CE14,2026-27-SEM5
2023CE102,CE-B-02,Computer,COMP-B,25PECL13CE13,2026-27-SEM5
2023CE103,CE-B-03,Computer,COMP-B,25PEC13CE11,2026-27-SEM5
2023CE103,CE-B-03,Computer,COMP-B,25PECL13CE15,2026-27-SEM5
2023CE104,CE-B-04,Computer,COMP-B,25PEC13CE12,2026-27-SEM5
2023CE104,CE-B-04,Computer,COMP-B,25PECL13CE12,2026-27-SEM5
2023CE105,CE-B-05,Computer,COMP-B,25PEC13CE13,2026-27-SEM5
2023CE105,CE-B-05,Computer,COMP-B,25PECL13CE11,2026-27-SEM5
2023CE106,CE-B-06,Computer,COMP-B,25PEC13CE14,2026-27-SEM5
2023CE106,CE-B-06,Computer,COMP-B,25PECL13CE13,2026-27-SEM5
2023CE107,CE-B-07,Computer,COMP-B,25PEC13CE11,2026-27-SEM5
2023CE107,CE-B-07,Computer,COMP-B,25PECL13CE15,2026-27-SEM5
2023CE108,CE-B-08,Computer,COMP-B,25PEC13CE12,2026-27-SEM5
2023CE108,CE-B-08,Computer,COMP-B,25PECL13CE12,2026-27-SEM5
2023CE109,CE-B-09,Computer,COMP-B,25PEC13CE13,2026-27-SEM5
2023CE109,CE-B-09,Computer,COMP-B,25PECL13CE11,2026-27-SEM5
2023CE110,CE-B-10,Computer,COMP-B,25PEC13CE14,2026-27-SEM5
2023CE110,CE-B-10,Computer,COMP-B,25PECL13CE13,2026-27-SEM5
2023CE111,CE-B-11,Computer,COMP-B,25PEC13CE11,2026-27-SEM5
2023CE111,CE-B-11,Computer,COMP-B,25PECL13CE15,2026-27-SEM5
2023CE112,CE-B-12,Computer,COMP-B,25PEC13CE12,2026-27-SEM5
2023CE112,CE-B-12,Computer,COMP-B,25PECL13CE12,2026-27-SEM5
2023CE113,CE-B-13,Computer,COMP-B,25PEC13CE13,2026-27-SEM5
2023CE113,CE-B-13,Computer,COMP-B,25PECL13CE11,2026-27-SEM5
2023CE114,CE-B-14,Computer,COMP-B,25PEC13CE14,2026-27-SEM5
2023CE114,CE-B-14,Computer,COMP-B,25PECL13CE13,2026-27-SEM5
2023CE115,CE-B-15,Computer,COMP-B,25PEC13CE11,2026-27-SEM5
2023CE115,CE-B-15,Computer,COMP-B,25PECL13CE15,2026-27-SEM5
2023CE116,CE-B-16,Computer,COMP-B,25PEC13CE12,2026-27-SEM5
2023CE116,CE-B-16,Computer,COMP-B,25PECL13CE12,2026-27-SEM5
2023CE117,CE-B-17,Computer,COMP-B,25PEC13CE13,2026-27-SEM5
2023CE117,CE-B-17,Computer,COMP-B,25PECL13CE11,2026-27-SEM5
2023CE118,CE-B-18,Computer,COMP-B,25PEC13CE14,2026-27-SEM5
2023CE118,CE-B-18,Computer,COMP-B,25PECL13CE13,2026-27-SEM5
2023CE119,CE-B-19,Computer,COMP-B,25PEC13CE11,2026-27-SEM5
2023CE119,CE-B-19,Computer,COMP-B,25PECL13CE15,2026-27-SEM5
2023CE120,CE-B-20,Computer,COMP-B,25PEC13CE12,2026-27-SEM5
2023CE120,CE-B-20,Computer,COMP-B,25PECL13CE12,2026-27-SEM5
2023CE121,CE-B-21,Computer,COMP-B,25PEC13CE13,2026-27-SEM5
2023CE121,CE-B-21,Computer,COMP-B,25PECL13CE11,2026-27-SEM5
2023CE122,CE-B-22,Computer,COMP-B,25PEC13CE14,2026-27-SEM5
2023CE122,CE-B-22,Computer,COMP-B,25PECL13CE13,2026-27-SEM5
2023CE123,CE-B-23,Computer,COMP-B,25PEC13CE11,2026-27-SEM5
2023CE123,CE-B-23,Computer,COMP-B,25PECL13CE15,2026-27-SEM5
2023CE124,CE-B-24,Computer,COMP-B,25PEC13CE12,2026-27-SEM5
2023CE124,CE-B-24,Computer,COMP-B,25PECL13CE12,2026-27-SEM5
2023CE125,CE-B-25,Computer,COMP-B,25PEC13CE13,2026-27-SEM5
2023CE125,CE-B-25,Computer,COMP-B,25PECL13CE11,2026-27-SEM5
2023CE126,CE-B-26,Computer,COMP-B,25PEC13CE14,2026-27-SEM5
2023CE126,CE-B-26,Computer,COMP-B,25PECL13CE13,2026-27-SEM5
2023CE127,CE-B-27,Computer,COMP-B,25PEC13CE11,2026-27-SEM5
2023CE127,CE-B-27,Computer,COMP-B,25PECL13CE15,2026-27-SEM5
2023CE128,CE-B-28,Computer,COMP-B,25PEC13CE12,2026-27-SEM5
2023CE128,CE-B-28,Computer,COMP-B,25PECL13CE12,2026-27-SEM5
2023CE129,CE-B-29,Computer,COMP-B,25PEC13CE13,2026-27-SEM5
2023CE129,CE-B-29,Computer,COMP-B,25PECL13CE11,2026-27-SEM5
2023CE130,CE-B-30,Computer,COMP-B,25PEC13CE14,2026-27-SEM5
2023CE130,CE-B-30,Computer,COMP-B,25PECL13CE13,2026-27-SEM5
2023CE131,CE-B-31,Computer,COMP-B,25PEC13CE11,2026-27-SEM5
2023CE131,CE-B-31,Computer,COMP-B,25PECL13CE15,2026-27-SEM5
2023CE132,CE-B-32,Computer,COMP-B,25PEC13CE12,2026-27-SEM5
2023CE132,CE-B-32,Computer,COMP-B,25PECL13CE12,2026-27-SEM5
2023CE133,CE-B-33,Computer,COMP-B,25PEC13CE13,2026-27-SEM5
2023CE133,CE-B-33,Computer,COMP-B,25PECL13CE11,2026-27-SEM5
2023CE134,CE-B-34,Computer,COMP-B,25PEC13CE14,2026-27-SEM5
2023CE134,CE-B-34,Computer,COMP-B,25PECL13CE13,2026-27-SEM5
2023CE135,CE-B-35,Computer,COMP-B,25PEC13CE11,2026-27-SEM5
2023CE135,CE-B-35,Computer,COMP-B,25PECL13CE15,2026-27-SEM5
2023CE136,CE-B-36,Computer,COMP-B,25PEC13CE12,2026-27-SEM5
2023CE136,CE-B-36,Computer,COMP-B,25PECL13CE12,2026-27-SEM5
2023CE137,CE-B-37,Computer,COMP-B,25PEC13CE13,2026-27-SEM5
2023CE137,CE-B-37,Computer,COMP-B,25PECL13CE11,2026-27-SEM5
2023CE138,CE-B-38,Computer,COMP-B,25PEC13CE14,2026-27-SEM5
2023CE138,CE-B-38,Computer,COMP-B,25PECL13CE13,2026-27-SEM5
2023CE139,CE-B-39,Computer,COMP-B,25PEC13CE11,2026-27-SEM5
2023CE139,CE-B-39,Computer,COMP-B,25PECL13CE15,2026-27-SEM5
2023CE140,CE-B-40,Computer,COMP-B,25PEC13CE12,2026-27-SEM5
2023CE140,CE-B-40,Computer,COMP-B,25PECL13CE12,2026-27-SEM5
2023CE141,CE-B-41,Computer,COMP-B,25PEC13CE13,2026-27-SEM5
2023CE141,CE-B-41,Computer,COMP-B,25PECL13CE11,2026-27-SEM5
2023CE142,CE-B-42,Computer,COMP-B,25PEC13CE14,2026-27-SEM5
2023CE142,CE-B-42,Computer,COMP-B,25PECL13CE13,2026-27-SEM5
2023CE143,CE-B-43,Computer,COMP-B,25PEC13CE11,2026-27-SEM5
2023CE143,CE-B-43,Computer,COMP-B,25PECL13CE15,2026-27-SEM5
2023CE144,CE-B-44,Computer,COMP-B,25PEC13CE12,2026-27-SEM5
2023CE144,CE-B-44,Computer,COMP-B,25PECL13CE12,2026-27-SEM5
2023CE145,CE-B-45,Computer,COMP-B,25PEC13CE13,2026-27-SEM5
2023CE145,CE-B-45,Computer,COMP-B,25PECL13CE11,2026-27-SEM5
2023CE146,CE-B-46,Computer,COMP-B,25PEC13CE14,2026-27-SEM5
2023CE146,CE-B-46,Computer,COMP-B,25PECL13CE13,2026-27-SEM5
2023CE147,CE-B-47,Computer,COMP-B,25PEC13CE11,2026-27-SEM5
2023CE147,CE-B-47,Computer,COMP-B,25PECL13CE15,2026-27-SEM5
2023CE148,CE-B-48,Computer,COMP-B,25PEC13CE12,2026-27-SEM5
2023CE148,CE-B-48,Computer,COMP-B,25PECL13CE12,2026-27-SEM5
2023CE149,CE-B-49,Computer,COMP-B,25PEC13CE13,2026-27-SEM5
2023CE149,CE-B-49,Computer,COMP-B,25PECL13CE11,2026-27-SEM5
2023CE150,CE-B-50,Computer,COMP-B,25PEC13CE14,2026-27-SEM5
2023CE150,CE-B-50,Computer,COMP-B,25PECL13CE13,2026-27-SEM5
2023CE151,CE-B-51,Computer,COMP-B,25PEC13CE11,2026-27-SEM5
2023CE151,CE-B-51,Computer,COMP-B,25PECL13CE15,2026-27-SEM5
2023CE152,CE-B-52,Computer,COMP-B,25PEC13CE12,2026-27-SEM5
2023CE152,CE-B-52,Computer,COMP-B,25PECL13CE12,2026-27-SEM5
2023CE153,CE-B-53,Computer,COMP-B,25PEC13CE13,2026-27-SEM5
2023CE153,CE-B-53,Computer,COMP-B,25PECL13CE11,2026-27-SEM5
2023CE154,CE-B-54,Computer,COMP-B,25PEC13CE14,2026-27-SEM5
2023CE154,CE-B-54,Computer,COMP-B,25PECL13CE13,2026-27-SEM5
2023CE155,CE-B-55,Computer,COMP-B,25PEC13CE11,2026-27-SEM5
2023CE155,CE-B-55,Computer,COMP-B,25PECL13CE15,2026-27-SEM5
2023CE156,CE-B-56,Computer,COMP-B,25PEC13CE12,2026-27-SEM5
2023CE156,CE-B-56,Computer,COMP-B,25PECL13CE12,2026-27-SEM5
2023CE157,CE-B-57,Computer,COMP-B,25PEC13CE13,2026-27-SEM5
2023CE157,CE-B-57,Computer,COMP-B,25PECL13CE11,2026-27-SEM5
2023CE158,CE-B-58,Computer,COMP-B,25PEC13CE14,2026-27-SEM5
2023CE158,CE-B-58,Computer,COMP-B,25PECL13CE13,2026-27-SEM5
2023CE159,CE-B-59,Computer,COMP-B,25PEC13CE11,2026-27-SEM5
2023CE159,CE-B-59,Computer,COMP-B,25PECL13CE15,2026-27-SEM5
2023CE160,CE-B-60,Computer,COMP-B,25PEC13CE12,2026-27-SEM5
2023CE160,CE-B-60,Computer,COMP-B,25PECL13CE12,2026-27-SEM5
2023CE161,CE-B-61,Computer,COMP-B,25PEC13CE13,2026-27-SEM5
2023CE161,CE-B-61,Computer,COMP-B,25PECL13CE11,2026-27-SEM5
2023CE162,CE-B-62,Computer,COMP-B,25PEC13CE14,2026-27-SEM5
2023CE162,CE-B-62,Computer,COMP-B,25PECL13CE13,2026-27-SEM5
2023CE163,CE-B-63,Computer,COMP-B,25PEC13CE11,2026-27-SEM5
2023CE163,CE-B-63,Computer,COMP-B,25PECL13CE15,2026-27-SEM5
2023CE164,CE-B-64,Computer,COMP-B,25PEC13CE12,2026-27-SEM5
2023CE164,CE-B-64,Computer,COMP-B,25PECL13CE12,2026-27-SEM5
2023CE165,CE-B-65,Computer,COMP-B,25PEC13CE13,2026-27-SEM5
2023CE165,CE-B-65,Computer,COMP-B,25PECL13CE11,2026-27-SEM5
2023CE166,CE-B-66,Computer,COMP-B,25PEC13CE14,2026-27-SEM5
2023CE166,CE-B-66,Computer,COMP-B,25PECL13CE13,2026-27-SEM5
2023CE167,CE-B-67,Computer,COMP-B,25PEC13CE11,2026-27-SEM5
2023CE167,CE-B-67,Computer,COMP-B,25PECL13CE15,2026-27-SEM5
2023CE168,CE-B-68,Computer,COMP-B,25PEC13CE12,2026-27-SEM5
2023CE168,CE-B-68,Computer,COMP-B,25PECL13CE12,2026-27-SEM5
2023CE169,CE-B-69,Computer,COMP-B,25PEC13CE13,2026-27-SEM5
2023CE169,CE-B-69,Computer,COMP-B,25PECL13CE11,2026-27-SEM5
2023CE170,CE-B-70,Computer,COMP-B,25PEC13CE14,2026-27-SEM5
2023CE170,CE-B-70,Computer,COMP-B,25PECL13CE13,2026-27-SEM5
