student_id,roll_no,department,class_div,academic_term,category,timestamp,preference_1,preference_2,preference_3
COMP2024B004,10226,Computer,COMP-B,2026-27-SEM5,PEC,2026-07-15 09:00:01,25PEC13CE11,25PEC13CE12,25PEC13CE13
COMP2024B004,10226,Computer,COMP-B,2026-27-SEM5,PECL,2026-07-15 09:00:06,25PECL13CE11,25PECL13CE12,25PECL13CE13
COMP2024B004,10226,Computer,COMP-B,2026-27-SEM5,OE,2026-07-15 09:00:11,25OE13CE31,25OE13CE32,25OE13CE31
COMP2024B005,10227,Computer,COMP-B,2026-27-SEM5,PEC,2026-07-15 09:00:46,25PEC13CE12,25PEC13CE13,25PEC13CE14
COMP2024B005,10227,Computer,COMP-B,2026-27-SEM5,PECL,2026-07-15 09:00:51,25PECL13CE12,25PECL13CE15,25PECL13CE11
COMP2024B005,10227,Computer,COMP-B,2026-27-SEM5,OE,2026-07-15 09:00:56,25OE13CE32,25OE13CE31,25OE13CE32
COMP2024B006,10228,Computer,COMP-B,2026-27-SEM5,PEC,2026-07-15 09:01:31,25PEC13CE13,25PEC13CE11,25PEC13CE12
COMP2024B006,10228,Computer,COMP-B,2026-27-SEM5,PECL,2026-07-15 09:01:36,25PECL13CE13,25PECL13CE11,25PECL13CE15
COMP2024B006,10228,Computer,COMP-B,2026-27-SEM5,OE,2026-07-15 09:01:41,25OE13CE31,25OE13CE32,25OE13CE31
COMP2024B007,10229,Computer,COMP-B,2026-27-SEM5,PEC,2026-07-15 09:02:16,25PEC13CE14,25PEC13CE11,25PEC13CE13
COMP2024B007,10229,Computer,COMP-B,2026-27-SEM5,PECL,2026-07-15 09:02:21,25PECL13CE15,25PECL13CE12,25PECL13CE13
COMP2024B007,10229,Computer,COMP-B,2026-27-SEM5,OE,2026-07-15 09:02:26,25OE13CE32,25OE13CE31,25OE13CE32
COMP2024B008,10230,Computer,COMP-B,2026-27-SEM5,PEC,2026-07-15 09:03:01,25PEC13CE11,25PEC13CE12,25PEC13CE13
COMP2024B008,10230,Computer,COMP-B,2026-27-SEM5,PECL,2026-07-15 09:03:06,25PECL13CE11,25PECL13CE12,25PECL13CE13
COMP2024B008,10230,Computer,COMP-B,2026-27-SEM5,OE,2026-07-15 09:03:11,25OE13CE31,25OE13CE32,25OE13CE31
COMP2024B009,10231,Computer,COMP-B,2026-27-SEM5,PEC,2026-07-15 09:03:46,25PEC13CE12,25PEC13CE13,25PEC13CE14
COMP2024B009,10231,Computer,COMP-B,2026-27-SEM5,PECL,2026-07-15 09:03:51,25PECL13CE12,25PECL13CE15,25PECL13CE11
COMP2024B009,10231,Computer,COMP-B,2026-27-SEM5,OE,2026-07-15 09:03:56,25OE13CE32,25OE13CE31,25OE13CE32
COMP2024B010,10232,Computer,COMP-B,2026-27-SEM5,PEC,2026-07-15 09:04:31,25PEC13CE13,25PEC13CE11,25PEC13CE12
COMP2024B010,10232,Computer,COMP-B,2026-27-SEM5,PECL,2026-07-15 09:04:36,25PECL13CE13,25PECL13CE11,25PECL13CE15
COMP2024B010,10232,Computer,COMP-B,2026-27-SEM5,OE,2026-07-15 09:04:41,25OE13CE31,25OE13CE32,25OE13CE31
COMP2024B011,10233,Computer,COMP-B,2026-27-SEM5,PEC,2026-07-15 09:05:16,25PEC13CE14,25PEC13CE11,25PEC13CE13
COMP2024B011,10233,Computer,COMP-B,2026-27-SEM5,PECL,2026-07-15 09:05:21,25PECL13CE15,25PECL13CE12,25PECL13CE13
COMP2024B011,10233,Computer,COMP-B,2026-27-SEM5,OE,2026-07-15 09:05:26,25OE13CE32,25OE13CE31,25OE13CE32
COMP2024B012,10234,Computer,COMP-B,2026-27-SEM5,PEC,2026-07-15 09:06:01,25PEC13CE11,25PEC13CE12,25PEC13CE13
COMP2024B012,10234,Computer,COMP-B,2026-27-SEM5,PECL,2026-07-15 09:06:06,25PECL13CE11,25PECL13CE12,25PECL13CE13
COMP2024B012,10234,Computer,COMP-B,2026-27-SEM5,OE,2026-07-15 09:06:11,25OE13CE31,25OE13CE32,25OE13CE31
COMP2024B013,10235,Computer,COMP-B,2026-27-SEM5,PEC,2026-07-15 09:06:46,25PEC13CE12,25PEC13CE13,25PEC13CE14
COMP2024B013,10235,Computer,COMP-B,2026-27-SEM5,PECL,2026-07-15 09:06:51,25PECL13CE12,25PECL13CE15,25PECL13CE11
COMP2024B013,10235,Computer,COMP-B,2026-27-SEM5,OE,2026-07-15 09:06:56,25OE13CE32,25OE13CE31,25OE13CE32
COMP2024B014,10236,Computer,COMP-B,2026-27-SEM5,PEC,2026-07-15 09:07:31,25PEC13CE13,25PEC13CE11,25PEC13CE12
COMP2024B014,10236,Computer,COMP-B,2026-27-SEM5,PECL,2026-07-15 09:07:36,25PECL13CE13,25PECL13CE11,25PECL13CE15
COMP2024B014,10236,Computer,COMP-B,2026-27-SEM5,OE,2026-07-15 09:07:41,25OE13CE31,25OE13CE32,25OE13CE31
COMP2024B015,10237,Computer,COMP-B,2026-27-SEM5,PEC,2026-07-15 09:08:16,25PEC13CE14,25PEC13CE11,25PEC13CE13
COMP2024B015,10237,Computer,COMP-B,2026-27-SEM5,PECL,2026-07-15 09:08:21,25PECL13CE15,25PECL13CE12,25PECL13CE13
COMP2024B015,10237,Computer,COMP-B,2026-27-SEM5,OE,2026-07-15 09:08:26,25OE13CE32,25OE13CE31,25OE13CE32
COMP2024B016,10238,Computer,COMP-B,2026-27-SEM5,PEC,2026-07-15 09:09:01,25PEC13CE11,25PEC13CE12,25PEC13CE13
COMP2024B016,10238,Computer,COMP-B,2026-27-SEM5,PECL,2026-07-15 09:09:06,25PECL13CE11,25PECL13CE12,25PECL13CE13
COMP2024B016,10238,Computer,COMP-B,2026-27-SEM5,OE,2026-07-15 09:09:11,25OE13CE31,25OE13CE32,25OE13CE31
COMP2024B017,10239,Computer,COMP-B,2026-27-SEM5,PEC,2026-07-15 09:09:46,25PEC13CE12,25PEC13CE13,25PEC13CE14
COMP2024B017,10239,Computer,COMP-B,2026-27-SEM5,PECL,2026-07-15 09:09:51,25PECL13CE12,25PECL13CE15,25PECL13CE11
COMP2024B017,10239,Computer,COMP-B,2026-27-SEM5,OE,2026-07-15 09:09:56,25OE13CE32,25OE13CE31,25OE13CE32
COMP2024B018,10240,Computer,COMP-B,2026-27-SEM5,PEC,2026-07-15 09:10:31,25PEC13CE13,25PEC13CE11,25PEC13CE12
COMP2024B018,10240,Computer,COMP-B,2026-27-SEM5,PECL,2026-07-15 09:10:36,25PECL13CE13,25PECL13CE11,25PECL13CE15
COMP2024B018,10240,Computer,COMP-B,2026-27-SEM5,OE,2026-07-15 09:10:41,25OE13CE31,25OE13CE32,25OE13CE31
COMP2024B019,10241,Computer,COMP-B,2026-27-SEM5,PEC,2026-07-15 09:11:16,25PEC13CE14,25PEC13CE11,25PEC13CE13
COMP2024B019,10241,Computer,COMP-B,2026-27-SEM5,PECL,2026-07-15 09:11:21,25PECL13CE15,25PECL13CE12,25PECL13CE13
COMP2024B019,10241,Computer,COMP-B,2026-27-SEM5,OE,2026-07-15 09:11:26,25OE13CE32,25OE13CE31,25OE13CE32
COMP2024B020,10242,Computer,COMP-B,2026-27-SEM5,PEC,2026-07-15 09:12:01,25PEC13CE11,25PEC13CE12,25PEC13CE13
COMP2024B020,10242,Computer,COMP-B,2026-27-SEM5,PECL,2026-07-15 09:12:06,25PECL13CE11,25PECL13CE12,25PECL13CE13
COMP2024B020,10242,Computer,COMP-B,2026-27-SEM5,OE,2026-07-15 09:12:11,25OE13CE31,25OE13CE32,25OE13CE31
COMP2024B021,10243,Computer,COMP-B,2026-27-SEM5,PEC,2026-07-15 09:12:46,25PEC13CE12,25PEC13CE13,25PEC13CE14
COMP2024B021,10243,Computer,COMP-B,2026-27-SEM5,PECL,2026-07-15 09:12:51,25PECL13CE12,25PECL13CE15,25PECL13CE11
COMP2024B021,10243,Computer,COMP-B,2026-27-SEM5,OE,2026-07-15 09:12:56,25OE13CE32,25OE13CE31,25OE13CE32
COMP2024B022,10244,Computer,COMP-B,2026-27-SEM5,PEC,2026-07-15 09:13:31,25PEC13CE13,25PEC13CE11,25PEC13CE12
COMP2024B022,10244,Computer,COMP-B,2026-27-SEM5,PECL,2026-07-15 09:13:36,25PECL13CE13,25PECL13CE11,25PECL13CE15
COMP2024B022,10244,Computer,COMP-B,2026-27-SEM5,OE,2026-07-15 09:13:41,25OE13CE31,25OE13CE32,25OE13CE31
COMP2024B023,10245,Computer,COMP-B,2026-27-SEM5,PEC,2026-07-15 09:14:16,25PEC13CE14,25PEC13CE11,25PEC13CE13
COMP2024B023,10245,Computer,COMP-B,2026-27-SEM5,PECL,2026-07-15 09:14:21,25PECL13CE15,25PECL13CE12,25PECL13CE13
COMP2024B023,10245,Computer,COMP-B,2026-27-SEM5,OE,2026-07-15 09:14:26,25OE13CE32,25OE13CE31,25OE13CE32
COMP2024B024,10246,Computer,COMP-B,2026-27-SEM5,PEC,2026-07-15 09:15:01,25PEC13CE11,25PEC13CE12,25PEC13CE13
COMP2024B024,10246,Computer,COMP-B,2026-27-SEM5,PECL,2026-07-15 09:15:06,25PECL13CE11,25PECL13CE12,25PECL13CE13
COMP2024B024,10246,Computer,COMP-B,2026-27-SEM5,OE,2026-07-15 09:15:11,25OE13CE31,25OE13CE32,25OE13CE31
COMP2024B025,10247,Computer,COMP-B,2026-27-SEM5,PEC,2026-07-15 09:15:46,25PEC13CE12,25PEC13CE13,25PEC13CE14
COMP2024B025,10247,Computer,COMP-B,2026-27-SEM5,PECL,2026-07-15 09:15:51,25PECL13CE12,25PECL13CE15,25PECL13CE11
COMP2024B025,10247,Computer,COMP-B,2026-27-SEM5,OE,2026-07-15 09:15:56,25OE13CE32,25OE13CE31,25OE13CE32
COMP2024B026,10248,Computer,COMP-B,2026-27-SEM5,PEC,2026-07-15 09:16:31,25PEC13CE13,25PEC13CE11,25PEC13CE12
COMP2024B026,10248,Computer,COMP-B,2026-27-SEM5,PECL,2026-07-15 09:16:36,25PECL13CE13,25PECL13CE11,25PECL13CE15
COMP2024B026,10248,Computer,COMP-B,2026-27-SEM5,OE,2026-07-15 09:16:41,25OE13CE31,25OE13CE32,25OE13CE31
COMP2024B027,10249,Computer,COMP-B,2026-27-SEM5,PEC,2026-07-15 09:17:16,25PEC13CE14,25PEC13CE11,25PEC13CE13
COMP2024B027,10249,Computer,COMP-B,2026-27-SEM5,PECL,2026-07-15 09:17:21,25PECL13CE15,25PECL13CE12,25PECL13CE13
COMP2024B027,10249,Computer,COMP-B,2026-27-SEM5,OE,2026-07-15 09:17:26,25OE13CE32,25OE13CE31,25OE13CE32
COMP2024B028,10250,Computer,COMP-B,2026-27-SEM5,PEC,2026-07-15 09:18:01,25PEC13CE11,25PEC13CE12,25PEC13CE13
COMP2024B028,10250,Computer,COMP-B,2026-27-SEM5,PECL,2026-07-15 09:18:06,25PECL13CE11,25PECL13CE12,25PECL13CE13
COMP2024B028,10250,Computer,COMP-B,2026-27-SEM5,OE,2026-07-15 09:18:11,25OE13CE31,25OE13CE32,25OE13CE31
COMP2024B029,10251,Computer,COMP-B,2026-27-SEM5,PEC,2026-07-15 09:18:46,25PEC13CE12,25PEC13CE13,25PEC13CE14
COMP2024B029,10251,Computer,COMP-B,2026-27-SEM5,PECL,2026-07-15 09:18:51,25PECL13CE12,25PECL13CE15,25PECL13CE11
COMP2024B029,10251,Computer,COMP-B,2026-27-SEM5,OE,2026-07-15 09:18:56,25OE13CE32,25OE13CE31,25OE13CE32
COMP2024B030,10252,Computer,COMP-B,2026-27-SEM5,PEC,2026-07-15 09:19:31,25PEC13CE13,25PEC13CE11,25PEC13CE12
COMP2024B030,10252,Computer,COMP-B,2026-27-SEM5,PECL,2026-07-15 09:19:36,25PECL13CE13,25PECL13CE11,25PECL13CE15
COMP2024B030,10252,Computer,COMP-B,2026-27-SEM5,OE,2026-07-15 09:19:41,25OE13CE31,25OE13CE32,25OE13CE31
COMP2024B031,10253,Computer,COMP-B,2026-27-SEM5,PEC,2026-07-15 09:20:16,25PEC13CE14,25PEC13CE11,25PEC13CE13
COMP2024B031,10253,Computer,COMP-B,2026-27-SEM5,PECL,2026-07-15 09:20:21,25PECL13CE15,25PECL13CE12,25PECL13CE13
COMP2024B031,10253,Computer,COMP-B,2026-27-SEM5,OE,2026-07-15 09:20:26,25OE13CE32,25OE13CE31,25OE13CE32
COMP2024B032,10254,Computer,COMP-B,2026-27-SEM5,PEC,2026-07-15 09:21:01,25PEC13CE11,25PEC13CE12,25PEC13CE13
COMP2024B032,10254,Computer,COMP-B,2026-27-SEM5,PECL,2026-07-15 09:21:06,25PECL13CE11,25PECL13CE12,25PECL13CE13
COMP2024B032,10254,Computer,COMP-B,2026-27-SEM5,OE,2026-07-15 09:21:11,25OE13CE31,25OE13CE32,25OE13CE31
COMP2024B033,10255,Computer,COMP-B,2026-27-SEM5,PEC,2026-07-15 09:21:46,25PEC13CE12,25PEC13CE13,25PEC13CE14
COMP2024B033,10255,Computer,COMP-B,2026-27-SEM5,PECL,2026-07-15 09:21:51,25PECL13CE12,25PECL13CE15,25PECL13CE11
COMP2024B033,10255,Computer,COMP-B,2026-27-SEM5,OE,2026-07-15 09:21:56,25OE13CE32,25OE13CE31,25OE13CE32
COMP2024B034,10256,Computer,COMP-B,2026-27-SEM5,PEC,2026-07-15 09:22:31,25PEC13CE13,25PEC13CE11,25PEC13CE12
COMP2024B034,10256,Computer,COMP-B,2026-27-SEM5,PECL,2026-07-15 09:22:36,25PECL13CE13,25PECL13CE11,25PECL13CE15
COMP2024B034,10256,Computer,COMP-B,2026-27-SEM5,OE,2026-07-15 09:22:41,25OE13CE31,25OE13CE32,25OE13CE31
COMP2024B035,10257,Computer,COMP-B,2026-27-SEM5,PEC,2026-07-15 09:23:16,25PEC13CE14,25PEC13CE11,25PEC13CE13
COMP2024B035,10257,Computer,COMP-B,2026-27-SEM5,PECL,2026-07-15 09:23:21,25PECL13CE15,25PECL13CE12,25PECL13CE13
COMP2024B035,10257,Computer,COMP-B,2026-27-SEM5,OE,2026-07-15 09:23:26,25OE13CE32,25OE13CE31,25OE13CE32
COMP2024B036,10258,Computer,COMP-B,2026-27-SEM5,PEC,2026-07-15 09:24:01,25PEC13CE11,25PEC13CE12,25PEC13CE13
COMP2024B036,10258,Computer,COMP-B,2026-27-SEM5,PECL,2026-07-15 09:24:06,25PECL13CE11,25PECL13CE12,25PECL13CE13
COMP2024B036,10258,Computer,COMP-B,2026-27-SEM5,OE,2026-07-15 09:24:11,25OE13CE31,25OE13CE32,25OE13CE31
COMP2024B037,10259,Computer,COMP-B,2026-27-SEM5,PEC,2026-07-15 09:24:46,25PEC13CE12,25PEC13CE13,25PEC13CE14
COMP2024B037,10259,Computer,COMP-B,2026-27-SEM5,PECL,2026-07-15 09:24:51,25PECL13CE12,25PECL13CE15,25PECL13CE11
COMP2024B037,10259,Computer,COMP-B,2026-27-SEM5,OE,2026-07-15 09:24:56,25OE13CE32,25OE13CE31,25OE13CE32
COMP2024B038,10260,Computer,COMP-B,2026-27-SEM5,PEC,2026-07-15 09:25:31,25PEC13CE13,25PEC13CE11,25PEC13CE12
COMP2024B038,10260,Computer,COMP-B,2026-27-SEM5,PECL,2026-07-15 09:25:36,25PECL13CE13,25PECL13CE11,25PECL13CE15
COMP2024B038,10260,Computer,COMP-B,2026-27-SEM5,OE,2026-07-15 09:25:41,25OE13CE31,25OE13CE32,25OE13CE31
COMP2024B039,10261,Computer,COMP-B,2026-27-SEM5,PEC,2026-07-15 09:26:16,25PEC13CE14,25PEC13CE11,25PEC13CE13
COMP2024B039,10261,Computer,COMP-B,2026-27-SEM5,PECL,2026-07-15 09:26:21,25PECL13CE15,25PECL13CE12,25PECL13CE13
COMP2024B039,10261,Computer,COMP-B,2026-27-SEM5,OE,2026-07-15 09:26:26,25OE13CE32,25OE13CE31,25OE13CE32
COMP2024B040,10262,Computer,COMP-B,2026-27-SEM5,PEC,2026-07-15 09:27:01,25PEC13CE11,25PEC13CE12,25PEC13CE13
COMP2024B040,10262,Computer,COMP-B,2026-27-SEM5,PECL,2026-07-15 09:27:06,25PECL13CE11,25PECL13CE12,25PECL13CE13
COMP2024B040,10262,Computer,COMP-B,2026-27-SEM5,OE,2026-07-15 09:27:11,25OE13CE31,25OE13CE32,25OE13CE31
COMP2024B041,10263,Computer,COMP-B,2026-27-SEM5,PEC,2026-07-15 09:27:46,25PEC13CE12,25PEC13CE13,25PEC13CE14
COMP2024B041,10263,Computer,COMP-B,2026-27-SEM5,PECL,2026-07-15 09:27:51,25PECL13CE12,25PECL13CE15,25PECL13CE11
COMP2024B041,10263,Computer,COMP-B,2026-27-SEM5,OE,2026-07-15 09:27:56,25OE13CE32,25OE13CE31,25OE13CE32
COMP2024B042,10264,Computer,COMP-B,2026-27-SEM5,PEC,2026-07-15 09:28:31,25PEC13CE13,25PEC13CE11,25PEC13CE12
COMP2024B042,10264,Computer,COMP-B,2026-27-SEM5,PECL,2026-07-15 09:28:36,25PECL13CE13,25PECL13CE11,25PECL13CE15
COMP2024B042,10264,Computer,COMP-B,2026-27-SEM5,OE,2026-07-15 09:28:41,25OE13CE31,25OE13CE32,25OE13CE31
COMP2024B043,10265,Computer,COMP-B,2026-27-SEM5,PEC,2026-07-15 09:29:16,25PEC13CE13,25PEC13CE11,25PEC13CE12
COMP2024B043,10265,Computer,COMP-B,2026-27-SEM5,PECL,2026-07-15 09:29:21,25PECL13CE15,25PECL13CE11,25PECL13CE12
COMP2024B043,10265,Computer,COMP-B,2026-27-SEM5,OE,2026-07-15 09:29:26,25OE13CE31,25OE13CE32,25OE13CE31
COMP2024B044,10266,Computer,COMP-B,2026-27-SEM5,PEC,2026-07-15 09:30:01,25PEC13CE11,25PEC13CE12,25PEC13CE13
COMP2024B044,10266,Computer,COMP-B,2026-27-SEM5,PECL,2026-07-15 09:30:06,25PECL13CE11,25PECL13CE12,25PECL13CE13
COMP2024B044,10266,Computer,COMP-B,2026-27-SEM5,OE,2026-07-15 09:30:11,25OE13CE31,25OE13CE32,25OE13CE31
COMP2024B045,10267,Computer,COMP-B,2026-27-SEM5,PEC,2026-07-15 09:30:46,25PEC13CE12,25PEC13CE13,25PEC13CE14
COMP2024B045,10267,Computer,COMP-B,2026-27-SEM5,PECL,2026-07-15 09:30:51,25PECL13CE12,25PECL13CE15,25PECL13CE11
COMP2024B045,10267,Computer,COMP-B,2026-27-SEM5,OE,2026-07-15 09:30:56,25OE13CE32,25OE13CE31,25OE13CE32
COMP2024B046,10268,Computer,COMP-B,2026-27-SEM5,PEC,2026-07-15 09:31:31,25PEC13CE13,25PEC13CE11,25PEC13CE12
COMP2024B046,10268,Computer,COMP-B,2026-27-SEM5,PECL,2026-07-15 09:31:36,25PECL13CE13,25PECL13CE11,25PECL13CE15
COMP2024B046,10268,Computer,COMP-B,2026-27-SEM5,OE,2026-07-15 09:31:41,25OE13CE31,25OE13CE32,25OE13CE31
COMP2024B047,10269,Computer,COMP-B,2026-27-SEM5,PEC,2026-07-15 09:32:16,25PEC13CE14,25PEC13CE11,25PEC13CE13
COMP2024B047,10269,Computer,COMP-B,2026-27-SEM5,PECL,2026-07-15 09:32:21,25PECL13CE15,25PECL13CE12,25PECL13CE13
COMP2024B047,10269,Computer,COMP-B,2026-27-SEM5,OE,2026-07-15 09:32:26,25OE13CE32,25OE13CE31,25OE13CE32
COMP2024B048,10270,Computer,COMP-B,2026-27-SEM5,PEC,2026-07-15 09:33:01,25PEC13CE11,25PEC13CE12,25PEC13CE13
COMP2024B048,10270,Computer,COMP-B,2026-27-SEM5,PECL,2026-07-15 09:33:06,25PECL13CE11,25PECL13CE12,25PECL13CE13
COMP2024B048,10270,Computer,COMP-B,2026-27-SEM5,OE,2026-07-15 09:33:11,25OE13CE31,25OE13CE32,25OE13CE31
COMP2024B049,10271,Computer,COMP-B,2026-27-SEM5,PEC,2026-07-15 09:33:46,25PEC13CE12,25PEC13CE13,25PEC13CE14
COMP2024B049,10271,Computer,COMP-B,2026-27-SEM5,PECL,2026-07-15 09:33:51,25PECL13CE12,25PECL13CE15,25PECL13CE11
COMP2024B049,10271,Computer,COMP-B,2026-27-SEM5,OE,2026-07-15 09:33:56,25OE13CE32,25OE13CE31,25OE13CE32
COMP2024B050,10272,Computer,COMP-B,2026-27-SEM5,PEC,2026-07-15 09:34:31,25PEC13CE13,25PEC13CE11,25PEC13CE12
COMP2024B050,10272,Computer,COMP-B,2026-27-SEM5,PECL,2026-07-15 09:34:36,25PECL13CE13,25PECL13CE11,25PECL13CE15
COMP2024B050,10272,Computer,COMP-B,2026-27-SEM5,OE,2026-07-15 09:34:41,25OE13CE31,25OE13CE32,25OE13CE31
COMP2024B051,10273,Computer,COMP-B,2026-27-SEM5,PEC,2026-07-15 09:35:16,25PEC13CE14,25PEC13CE11,25PEC13CE13
COMP2024B051,10273,Computer,COMP-B,2026-27-SEM5,PECL,2026-07-15 09:35:21,25PECL13CE15,25PECL13CE12,25PECL13CE13
COMP2024B051,10273,Computer,COMP-B,2026-27-SEM5,OE,2026-07-15 09:35:26,25OE13CE32,25OE13CE31,25OE13CE32
COMP2024B052,10274,Computer,COMP-B,2026-27-SEM5,PEC,2026-07-15 09:36:01,25PEC13CE11,25PEC13CE12,25PEC13CE13
COMP2024B052,10274,Computer,COMP-B,2026-27-SEM5,PECL,2026-07-15 09:36:06,25PECL13CE11,25PECL13CE12,25PECL13CE13
COMP2024B052,10274,Computer,COMP-B,2026-27-SEM5,OE,2026-07-15 09:36:11,25OE13CE31,25OE13CE32,25OE13CE31
COMP2024B053,10275,Computer,COMP-B,2026-27-SEM5,PEC,2026-07-15 09:36:46,25PEC13CE12,25PEC13CE13,25PEC13CE14
COMP2024B053,10275,Computer,COMP-B,2026-27-SEM5,PECL,2026-07-15 09:36:51,25PECL13CE12,25PECL13CE15,25PECL13CE11
COMP2024B053,10275,Computer,COMP-B,2026-27-SEM5,OE,2026-07-15 09:36:56,25OE13CE32,25OE13CE31,25OE13CE32
COMP2024B054,10276,Computer,COMP-B,2026-27-SEM5,PEC,2026-07-15 09:37:31,25PEC13CE13,25PEC13CE11,25PEC13CE12
COMP2024B054,10276,Computer,COMP-B,2026-27-SEM5,PECL,2026-07-15 09:37:36,25PECL13CE13,25PECL13CE11,25PECL13CE15
COMP2024B054,10276,Computer,COMP-B,2026-27-SEM5,OE,2026-07-15 09:37:41,25OE13CE31,25OE13CE32,25OE13CE31
COMP2024B055,10277,Computer,COMP-B,2026-27-SEM5,PEC,2026-07-15 09:38:16,25PEC13CE11,25PEC13CE12,25PEC13CE13
COMP2024B055,10277,Computer,COMP-B,2026-27-SEM5,PECL,2026-07-15 09:38:21,25PECL13CE11,25PECL13CE12,25PECL13CE13
COMP2024B055,10277,Computer,COMP-B,2026-27-SEM5,OE,2026-07-15 09:38:26,25OE13CE32,25OE13CE31,25OE13CE32
COMP2024B056,10278,Computer,COMP-B,2026-27-SEM5,PEC,2026-07-15 09:39:01,25PEC13CE11,25PEC13CE12,25PEC13CE13
COMP2024B056,10278,Computer,COMP-B,2026-27-SEM5,PECL,2026-07-15 09:39:06,25PECL13CE11,25PECL13CE12,25PECL13CE13
COMP2024B056,10278,Computer,COMP-B,2026-27-SEM5,OE,2026-07-15 09:39:11,25OE13CE31,25OE13CE32,25OE13CE31
COMP2024B057,10279,Computer,COMP-B,2026-27-SEM5,PEC,2026-07-15 09:39:46,25PEC13CE12,25PEC13CE11,25PEC13CE13
COMP2024B057,10279,Computer,COMP-B,2026-27-SEM5,PECL,2026-07-15 09:39:51,25PECL13CE12,25PECL13CE15,25PECL13CE11
COMP2024B057,10279,Computer,COMP-B,2026-27-SEM5,OE,2026-07-15 09:39:56,25OE13CE31,25OE13CE32,25OE13CE31
COMP2024B058,10280,Computer,COMP-B,2026-27-SEM5,PEC,2026-07-15 09:40:31,25PEC13CE13,25PEC13CE11,25PEC13CE12
COMP2024B058,10280,Computer,COMP-B,2026-27-SEM5,PECL,2026-07-15 09:40:36,25PECL13CE13,25PECL13CE11,25PECL13CE15
COMP2024B058,10280,Computer,COMP-B,2026-27-SEM5,OE,2026-07-15 09:40:41,25OE13CE31,25OE13CE32,25OE13CE31
COMP2024B059,10281,Computer,COMP-B,2026-27-SEM5,PEC,2026-07-15 09:41:16,25PEC13CE14,25PEC13CE11,25PEC13CE13
COMP2024B059,10281,Computer,COMP-B,2026-27-SEM5,PECL,2026-07-15 09:41:21,25PECL13CE15,25PECL13CE12,25PECL13CE13
COMP2024B059,10281,Computer,COMP-B,2026-27-SEM5,OE,2026-07-15 09:41:26,25OE13CE32,25OE13CE31,25OE13CE32
COMP2024B060,10282,Computer,COMP-B,2026-27-SEM5,PEC,2026-07-15 09:42:01,25PEC13CE11,25PEC13CE12,25PEC13CE13
COMP2024B060,10282,Computer,COMP-B,2026-27-SEM5,PECL,2026-07-15 09:42:06,25PECL13CE11,25PECL13CE12,25PECL13CE13
COMP2024B060,10282,Computer,COMP-B,2026-27-SEM5,OE,2026-07-15 09:42:11,25OE13CE31,25OE13CE32,25OE13CE31
COMP2024B061,10283,Computer,COMP-B,2026-27-SEM5,PEC,2026-07-15 09:42:46,25PEC13CE12,25PEC13CE13,25PEC13CE14
COMP2024B061,10283,Computer,COMP-B,2026-27-SEM5,PECL,2026-07-15 09:42:51,25PECL13CE12,25PECL13CE15,25PECL13CE11
COMP2024B061,10283,Computer,COMP-B,2026-27-SEM5,OE,2026-07-15 09:42:56,25OE13CE32,25OE13CE31,25OE13CE32
COMP2024B062,10284,Computer,COMP-B,2026-27-SEM5,PEC,2026-07-15 09:43:31,25PEC13CE13,25PEC13CE11,25PEC13CE12
COMP2024B062,10284,Computer,COMP-B,2026-27-SEM5,PECL,2026-07-15 09:43:36,25PECL13CE13,25PECL13CE11,25PECL13CE15
COMP2024B062,10284,Computer,COMP-B,2026-27-SEM5,OE,2026-07-15 09:43:41,25OE13CE31,25OE13CE32,25OE13CE31
COMP2024B063,10285,Computer,COMP-B,2026-27-SEM5,PEC,2026-07-15 09:44:16,25PEC13CE14,25PEC13CE11,25PEC13CE13
COMP2024B063,10285,Computer,COMP-B,2026-27-SEM5,PECL,2026-07-15 09:44:21,25PECL13CE15,25PECL13CE12,25PECL13CE13
COMP2024B063,10285,Computer,COMP-B,2026-27-SEM5,OE,2026-07-15 09:44:26,25OE13CE32,25OE13CE31,25OE13CE32
COMP2024B064,10286,Computer,COMP-B,2026-27-SEM5,PEC,2026-07-15 09:45:01,25PEC13CE11,25PEC13CE12,25PEC13CE13
COMP2024B064,10286,Computer,COMP-B,2026-27-SEM5,PECL,2026-07-15 09:45:06,25PECL13CE11,25PECL13CE12,25PECL13CE13
COMP2024B064,10286,Computer,COMP-B,2026-27-SEM5,OE,2026-07-15 09:45:11,25OE13CE31,25OE13CE32,25OE13CE31
COMP2024B065,10287,Computer,COMP-B,2026-27-SEM5,PEC,2026-07-15 09:45:46,25PEC13CE12,25PEC13CE13,25PEC13CE14
COMP2024B065,10287,Computer,COMP-B,2026-27-SEM5,PECL,2026-07-15 09:45:51,25PECL13CE12,25PECL13CE15,25PECL13CE11
COMP2024B065,10287,Computer,COMP-B,2026-27-SEM5,OE,2026-07-15 09:45:56,25OE13CE32,25OE13CE31,25OE13CE32
COMP2024B066,10288,Computer,COMP-B,2026-27-SEM5,PEC,2026-07-15 09:46:31,25PEC13CE13,25PEC13CE11,25PEC13CE12
COMP2024B066,10288,Computer,COMP-B,2026-27-SEM5,PECL,2026-07-15 09:46:36,25PECL13CE13,25PECL13CE11,25PECL13CE15
COMP2024B066,10288,Computer,COMP-B,2026-27-SEM5,OE,2026-07-15 09:46:41,25OE13CE31,25OE13CE32,25OE13CE31
COMP2024B067,10466,Computer,COMP-B,2026-27-SEM5,PEC,2026-07-15 09:47:16,25PEC13CE14,25PEC13CE11,25PEC13CE13
COMP2024B067,10466,Computer,COMP-B,2026-27-SEM5,PECL,2026-07-15 09:47:21,25PECL13CE15,25PECL13CE12,25PECL13CE13
COMP2024B067,10466,Computer,COMP-B,2026-27-SEM5,OE,2026-07-15 09:47:26,25OE13CE32,25OE13CE31,25OE13CE32
COMP2024B068,10467,Computer,COMP-B,2026-27-SEM5,PEC,2026-07-15 09:48:01,25PEC13CE11,25PEC13CE12,25PEC13CE13
COMP2024B068,10467,Computer,COMP-B,2026-27-SEM5,PECL,2026-07-15 09:48:06,25PECL13CE11,25PECL13CE12,25PECL13CE13
COMP2024B068,10467,Computer,COMP-B,2026-27-SEM5,OE,2026-07-15 09:48:11,25OE13CE31,25OE13CE32,25OE13CE31
COMP2024B069,10468,Computer,COMP-B,2026-27-SEM5,PEC,2026-07-15 09:48:46,25PEC13CE14,25PEC13CE13,25PEC13CE11
COMP2024B069,10468,Computer,COMP-B,2026-27-SEM5,PECL,2026-07-15 09:48:51,25PECL13CE13,25PECL13CE11,25PECL13CE15
COMP2024B069,10468,Computer,COMP-B,2026-27-SEM5,OE,2026-07-15 09:48:56,25OE13CE32,25OE13CE31,25OE13CE32
COMP2024B070,10469,Computer,COMP-B,2026-27-SEM5,PEC,2026-07-15 09:49:31,25PEC13CE13,25PEC13CE11,25PEC13CE12
COMP2024B070,10469,Computer,COMP-B,2026-27-SEM5,PECL,2026-07-15 09:49:36,25PECL13CE13,25PECL13CE11,25PECL13CE15
COMP2024B070,10469,Computer,COMP-B,2026-27-SEM5,OE,2026-07-15 09:49:41,25OE13CE31,25OE13CE32,25OE13CE31
COMP2024B071,10470,Computer,COMP-B,2026-27-SEM5,PEC,2026-07-15 09:50:16,25PEC13CE14,25PEC13CE11,25PEC13CE13
COMP2024B071,10470,Computer,COMP-B,2026-27-SEM5,PECL,2026-07-15 09:50:21,25PECL13CE15,25PECL13CE12,25PECL13CE13
COMP2024B071,10470,Computer,COMP-B,2026-27-SEM5,OE,2026-07-15 09:50:26,25OE13CE32,25OE13CE31,25OE13CE32
COMP2024B072,10471,Computer,COMP-B,2026-27-SEM5,PEC,2026-07-15 09:51:01,25PEC13CE11,25PEC13CE12,25PEC13CE13
COMP2024B072,10471,Computer,COMP-B,2026-27-SEM5,PECL,2026-07-15 09:51:06,25PECL13CE11,25PECL13CE12,25PECL13CE13
COMP2024B072,10471,Computer,COMP-B,2026-27-SEM5,OE,2026-07-15 09:51:11,25OE13CE31,25OE13CE32,25OE13CE31
COMP2024B001,9946,Computer,COMP-B,2026-27-SEM5,PEC,2026-07-15 09:51:46,25PEC13CE12,25PEC13CE13,25PEC13CE14
COMP2024B001,9946,Computer,COMP-B,2026-27-SEM5,PECL,2026-07-15 09:51:51,25PECL13CE12,25PECL13CE15,25PECL13CE11
COMP2024B001,9946,Computer,COMP-B,2026-27-SEM5,OE,2026-07-15 09:51:56,25OE13CE32,25OE13CE31,25OE13CE32
COMP2024B002,9948,Computer,COMP-B,2026-27-SEM5,PEC,2026-07-15 09:52:31,25PEC13CE13,25PEC13CE11,25PEC13CE12
COMP2024B002,9948,Computer,COMP-B,2026-27-SEM5,PECL,2026-07-15 09:52:36,25PECL13CE13,25PECL13CE11,25PECL13CE15
COMP2024B002,9948,Computer,COMP-B,2026-27-SEM5,OE,2026-07-15 09:52:41,25OE13CE31,25OE13CE32,25OE13CE31
COMP2024B003,9971,Computer,COMP-B,2026-27-SEM5,PEC,2026-07-15 09:53:16,25PEC13CE14,25PEC13CE11,25PEC13CE13
COMP2024B003,9971,Computer,COMP-B,2026-27-SEM5,PECL,2026-07-15 09:53:21,25PECL13CE15,25PECL13CE12,25PECL13CE13
COMP2024B003,9971,Computer,COMP-B,2026-27-SEM5,OE,2026-07-15 09:53:26,25OE13CE32,25OE13CE31,25OE13CE32
COMP2024A000,10000,Computer,COMP-A,2026-27-SEM5,PEC,2026-07-15 09:54:01,25PEC13CE11,25PEC13CE12,25PEC13CE13
COMP2024A000,10000,Computer,COMP-A,2026-27-SEM5,PECL,2026-07-15 09:54:06,25PECL13CE11,25PECL13CE12,25PECL13CE13
COMP2024A000,10000,Computer,COMP-A,2026-27-SEM5,OE,2026-07-15 09:54:11,25OE13CE31,25OE13CE32,25OE13CE31
COMP2024A099,10099,Computer,COMP-A,2026-27-SEM5,PEC,2026-07-15 09:54:46,25PEC13CE12,25PEC13CE13,25PEC13CE14
COMP2024A099,10099,Computer,COMP-A,2026-27-SEM5,PECL,2026-07-15 09:54:51,25PECL13CE12,25PECL13CE15,25PECL13CE11
COMP2024A099,10099,Computer,COMP-A,2026-27-SEM5,OE,2026-07-15 09:54:56,25OE13CE32,25OE13CE31,25OE13CE32
COMP2024A002,10163,Computer,COMP-A,2026-27-SEM5,PEC,2026-07-15 09:55:31,25PEC13CE13,25PEC13CE11,25PEC13CE12
COMP2024A002,10163,Computer,COMP-A,2026-27-SEM5,PECL,2026-07-15 09:55:36,25PECL13CE13,25PECL13CE11,25PECL13CE15
COMP2024A002,10163,Computer,COMP-A,2026-27-SEM5,OE,2026-07-15 09:55:41,25OE13CE31,25OE13CE32,25OE13CE31
COMP2024A003,10164,Computer,COMP-A,2026-27-SEM5,PEC,2026-07-15 09:56:16,25PEC13CE14,25PEC13CE11,25PEC13CE13
COMP2024A003,10164,Computer,COMP-A,2026-27-SEM5,PECL,2026-07-15 09:56:21,25PECL13CE15,25PECL13CE12,25PECL13CE13
COMP2024A003,10164,Computer,COMP-A,2026-27-SEM5,OE,2026-07-15 09:56:26,25OE13CE32,25OE13CE31,25OE13CE32
COMP2024A004,10165,Computer,COMP-A,2026-27-SEM5,PEC,2026-07-15 09:57:01,25PEC13CE11,25PEC13CE12,25PEC13CE13
COMP2024A004,10165,Computer,COMP-A,2026-27-SEM5,PECL,2026-07-15 09:57:06,25PECL13CE11,25PECL13CE12,25PECL13CE13
COMP2024A004,10165,Computer,COMP-A,2026-27-SEM5,OE,2026-07-15 09:57:11,25OE13CE31,25OE13CE32,25OE13CE31
COMP2024A005,10166,Computer,COMP-A,2026-27-SEM5,PEC,2026-07-15 09:57:46,25PEC13CE12,25PEC13CE13,25PEC13CE14
COMP2024A005,10166,Computer,COMP-A,2026-27-SEM5,PECL,2026-07-15 09:57:51,25PECL13CE12,25PECL13CE15,25PECL13CE11
COMP2024A005,10166,Computer,COMP-A,2026-27-SEM5,OE,2026-07-15 09:57:56,25OE13CE32,25OE13CE31,25OE13CE32
COMP2024A006,10167,Computer,COMP-A,2026-27-SEM5,PEC,2026-07-15 09:58:31,25PEC13CE13,25PEC13CE11,25PEC13CE12
COMP2024A006,10167,Computer,COMP-A,2026-27-SEM5,PECL,2026-07-15 09:58:36,25PECL13CE13,25PECL13CE11,25PECL13CE15
COMP2024A006,10167,Computer,COMP-A,2026-27-SEM5,OE,2026-07-15 09:58:41,25OE13CE31,25OE13CE32,25OE13CE31
COMP2024A007,10168,Computer,COMP-A,2026-27-SEM5,PEC,2026-07-15 09:59:16,25PEC13CE14,25PEC13CE11,25PEC13CE13
COMP2024A007,10168,Computer,COMP-A,2026-27-SEM5,PECL,2026-07-15 09:59:21,25PECL13CE15,25PECL13CE12,25PECL13CE13
COMP2024A007,10168,Computer,COMP-A,2026-27-SEM5,OE,2026-07-15 09:59:26,25OE13CE32,25OE13CE31,25OE13CE32
COMP2024A008,10169,Computer,COMP-A,2026-27-SEM5,PEC,2026-07-15 10:00:01,25PEC13CE11,25PEC13CE12,25PEC13CE13
COMP2024A008,10169,Computer,COMP-A,2026-27-SEM5,PECL,2026-07-15 10:00:06,25PECL13CE11,25PECL13CE12,25PECL13CE13
COMP2024A008,10169,Computer,COMP-A,2026-27-SEM5,OE,2026-07-15 10:00:11,25OE13CE31,25OE13CE32,25OE13CE31
COMP2024A009,10170,Computer,COMP-A,2026-27-SEM5,PEC,2026-07-15 10:00:46,25PEC13CE12,25PEC13CE13,25PEC13CE14
COMP2024A009,10170,Computer,COMP-A,2026-27-SEM5,PECL,2026-07-15 10:00:51,25PECL13CE12,25PECL13CE15,25PECL13CE11
COMP2024A009,10170,Computer,COMP-A,2026-27-SEM5,OE,2026-07-15 10:00:56,25OE13CE32,25OE13CE31,25OE13CE32
COMP2024A010,10171,Computer,COMP-A,2026-27-SEM5,PEC,2026-07-15 10:01:31,25PEC13CE13,25PEC13CE11,25PEC13CE12
COMP2024A010,10171,Computer,COMP-A,2026-27-SEM5,PECL,2026-07-15 10:01:36,25PECL13CE13,25PECL13CE11,25PECL13CE15
COMP2024A010,10171,Computer,COMP-A,2026-27-SEM5,OE,2026-07-15 10:01:41,25OE13CE31,25OE13CE32,25OE13CE31
COMP2024A011,10172,Computer,COMP-A,2026-27-SEM5,PEC,2026-07-15 10:02:16,25PEC13CE14,25PEC13CE11,25PEC13CE13
COMP2024A011,10172,Computer,COMP-A,2026-27-SEM5,PECL,2026-07-15 10:02:21,25PECL13CE15,25PECL13CE12,25PECL13CE13
COMP2024A011,10172,Computer,COMP-A,2026-27-SEM5,OE,2026-07-15 10:02:26,25OE13CE32,25OE13CE31,25OE13CE32
COMP2024A012,10173,Computer,COMP-A,2026-27-SEM5,PEC,2026-07-15 10:03:01,25PEC13CE11,25PEC13CE12,25PEC13CE13
COMP2024A012,10173,Computer,COMP-A,2026-27-SEM5,PECL,2026-07-15 10:03:06,25PECL13CE11,25PECL13CE12,25PECL13CE13
COMP2024A012,10173,Computer,COMP-A,2026-27-SEM5,OE,2026-07-15 10:03:11,25OE13CE31,25OE13CE32,25OE13CE31
COMP2024A013,10174,Computer,COMP-A,2026-27-SEM5,PEC,2026-07-15 10:03:46,25PEC13CE12,25PEC13CE13,25PEC13CE14
COMP2024A013,10174,Computer,COMP-A,2026-27-SEM5,PECL,2026-07-15 10:03:51,25PECL13CE12,25PECL13CE15,25PECL13CE11
COMP2024A013,10174,Computer,COMP-A,2026-27-SEM5,OE,2026-07-15 10:03:56,25OE13CE32,25OE13CE31,25OE13CE32
COMP2024A014,10175,Computer,COMP-A,2026-27-SEM5,PEC,2026-07-15 10:04:31,25PEC13CE13,25PEC13CE11,25PEC13CE12
COMP2024A014,10175,Computer,COMP-A,2026-27-SEM5,PECL,2026-07-15 10:04:36,25PECL13CE13,25PECL13CE11,25PECL13CE15
COMP2024A014,10175,Computer,COMP-A,2026-27-SEM5,OE,2026-07-15 10:04:41,25OE13CE31,25OE13CE32,25OE13CE31
COMP2024A015,10177,Computer,COMP-A,2026-27-SEM5,PEC,2026-07-15 10:05:16,25PEC13CE14,25PEC13CE11,25PEC13CE13
COMP2024A015,10177,Computer,COMP-A,2026-27-SEM5,PECL,2026-07-15 10:05:21,25PECL13CE15,25PECL13CE12,25PECL13CE13
COMP2024A015,10177,Computer,COMP-A,2026-27-SEM5,OE,2026-07-15 10:05:26,25OE13CE32,25OE13CE31,25OE13CE32
COMP2024A016,10178,Computer,COMP-A,2026-27-SEM5,PEC,2026-07-15 10:06:01,25PEC13CE11,25PEC13CE12,25PEC13CE13
COMP2024A016,10178,Computer,COMP-A,2026-27-SEM5,PECL,2026-07-15 10:06:06,25PECL13CE11,25PECL13CE12,25PECL13CE13
COMP2024A016,10178,Computer,COMP-A,2026-27-SEM5,OE,2026-07-15 10:06:11,25OE13CE31,25OE13CE32,25OE13CE31
COMP2024A017,10179,Computer,COMP-A,2026-27-SEM5,PEC,2026-07-15 10:06:46,25PEC13CE12,25PEC13CE13,25PEC13CE14
COMP2024A017,10179,Computer,COMP-A,2026-27-SEM5,PECL,2026-07-15 10:06:51,25PECL13CE12,25PECL13CE15,25PECL13CE11
COMP2024A017,10179,Computer,COMP-A,2026-27-SEM5,OE,2026-07-15 10:06:56,25OE13CE32,25OE13CE31,25OE13CE32
COMP2024A018,10180,Computer,COMP-A,2026-27-SEM5,PEC,2026-07-15 10:07:31,25PEC13CE13,25PEC13CE11,25PEC13CE12
COMP2024A018,10180,Computer,COMP-A,2026-27-SEM5,PECL,2026-07-15 10:07:36,25PECL13CE13,25PECL13CE11,25PECL13CE15
COMP2024A018,10180,Computer,COMP-A,2026-27-SEM5,OE,2026-07-15 10:07:41,25OE13CE31,25OE13CE32,25OE13CE31
COMP2024A019,10181,Computer,COMP-A,2026-27-SEM5,PEC,2026-07-15 10:08:16,25PEC13CE14,25PEC13CE11,25PEC13CE13
COMP2024A019,10181,Computer,COMP-A,2026-27-SEM5,PECL,2026-07-15 10:08:21,25PECL13CE15,25PECL13CE12,25PECL13CE13
COMP2024A019,10181,Computer,COMP-A,2026-27-SEM5,OE,2026-07-15 10:08:26,25OE13CE32,25OE13CE31,25OE13CE32
COMP2024A020,10182,Computer,COMP-A,2026-27-SEM5,PEC,2026-07-15 10:09:01,25PEC13CE11,25PEC13CE12,25PEC13CE13
COMP2024A020,10182,Computer,COMP-A,2026-27-SEM5,PECL,2026-07-15 10:09:06,25PECL13CE11,25PECL13CE12,25PECL13CE13
COMP2024A020,10182,Computer,COMP-A,2026-27-SEM5,OE,2026-07-15 10:09:11,25OE13CE31,25OE13CE32,25OE13CE31
COMP2024A021,10183,Computer,COMP-A,2026-27-SEM5,PEC,2026-07-15 10:09:46,25PEC13CE12,25PEC13CE13,25PEC13CE14
COMP2024A021,10183,Computer,COMP-A,2026-27-SEM5,PECL,2026-07-15 10:09:51,25PECL13CE12,25PECL13CE15,25PECL13CE11
COMP2024A021,10183,Computer,COMP-A,2026-27-SEM5,OE,2026-07-15 10:09:56,25OE13CE32,25OE13CE31,25OE13CE32
COMP2024A022,10184,Computer,COMP-A,2026-27-SEM5,PEC,2026-07-15 10:10:31,25PEC13CE13,25PEC13CE11,25PEC13CE12
COMP2024A022,10184,Computer,COMP-A,2026-27-SEM5,PECL,2026-07-15 10:10:36,25PECL13CE13,25PECL13CE11,25PECL13CE15
COMP2024A022,10184,Computer,COMP-A,2026-27-SEM5,OE,2026-07-15 10:10:41,25OE13CE31,25OE13CE32,25OE13CE31
COMP2024A023,10185,Computer,COMP-A,2026-27-SEM5,PEC,2026-07-15 10:11:16,25PEC13CE14,25PEC13CE11,25PEC13CE13
COMP2024A023,10185,Computer,COMP-A,2026-27-SEM5,PECL,2026-07-15 10:11:21,25PECL13CE15,25PECL13CE12,25PECL13CE13
COMP2024A023,10185,Computer,COMP-A,2026-27-SEM5,OE,2026-07-15 10:11:26,25OE13CE32,25OE13CE31,25OE13CE32
COMP2024A024,10186,Computer,COMP-A,2026-27-SEM5,PEC,2026-07-15 10:12:01,25PEC13CE11,25PEC13CE12,25PEC13CE13
COMP2024A024,10186,Computer,COMP-A,2026-27-SEM5,PECL,2026-07-15 10:12:06,25PECL13CE11,25PECL13CE12,25PECL13CE13
COMP2024A024,10186,Computer,COMP-A,2026-27-SEM5,OE,2026-07-15 10:12:11,25OE13CE31,25OE13CE32,25OE13CE31
COMP2024A025,10188,Computer,COMP-A,2026-27-SEM5,PEC,2026-07-15 10:12:46,25PEC13CE12,25PEC13CE13,25PEC13CE14
COMP2024A025,10188,Computer,COMP-A,2026-27-SEM5,PECL,2026-07-15 10:12:51,25PECL13CE12,25PECL13CE15,25PECL13CE11
COMP2024A025,10188,Computer,COMP-A,2026-27-SEM5,OE,2026-07-15 10:12:56,25OE13CE32,25OE13CE31,25OE13CE32
COMP2024A026,10189,Computer,COMP-A,2026-27-SEM5,PEC,2026-07-15 10:13:31,25PEC13CE13,25PEC13CE11,25PEC13CE12
COMP2024A026,10189,Computer,COMP-A,2026-27-SEM5,PECL,2026-07-15 10:13:36,25PECL13CE13,25PECL13CE11,25PECL13CE15
COMP2024A026,10189,Computer,COMP-A,2026-27-SEM5,OE,2026-07-15 10:13:41,25OE13CE31,25OE13CE32,25OE13CE31
COMP2024A027,10190,Computer,COMP-A,2026-27-SEM5,PEC,2026-07-15 10:14:16,25PEC13CE14,25PEC13CE11,25PEC13CE13
COMP2024A027,10190,Computer,COMP-A,2026-27-SEM5,PECL,2026-07-15 10:14:21,25PECL13CE15,25PECL13CE12,25PECL13CE13
COMP2024A027,10190,Computer,COMP-A,2026-27-SEM5,OE,2026-07-15 10:14:26,25OE13CE32,25OE13CE31,25OE13CE32
COMP2024A028,10191,Computer,COMP-A,2026-27-SEM5,PEC,2026-07-15 10:15:01,25PEC13CE11,25PEC13CE12,25PEC13CE13
COMP2024A028,10191,Computer,COMP-A,2026-27-SEM5,PECL,2026-07-15 10:15:06,25PECL13CE11,25PECL13CE12,25PECL13CE13
COMP2024A028,10191,Computer,COMP-A,2026-27-SEM5,OE,2026-07-15 10:15:11,25OE13CE31,25OE13CE32,25OE13CE31
COMP2024A029,10192,Computer,COMP-A,2026-27-SEM5,PEC,2026-07-15 10:15:46,25PEC13CE12,25PEC13CE13,25PEC13CE14
COMP2024A029,10192,Computer,COMP-A,2026-27-SEM5,PECL,2026-07-15 10:15:51,25PECL13CE12,25PECL13CE15,25PECL13CE11
COMP2024A029,10192,Computer,COMP-A,2026-27-SEM5,OE,2026-07-15 10:15:56,25OE13CE32,25OE13CE31,25OE13CE32
COMP2024A030,10193,Computer,COMP-A,2026-27-SEM5,PEC,2026-07-15 10:16:31,25PEC13CE13,25PEC13CE11,25PEC13CE12
COMP2024A030,10193,Computer,COMP-A,2026-27-SEM5,PECL,2026-07-15 10:16:36,25PECL13CE13,25PECL13CE11,25PECL13CE15
COMP2024A030,10193,Computer,COMP-A,2026-27-SEM5,OE,2026-07-15 10:16:41,25OE13CE31,25OE13CE32,25OE13CE31
COMP2024A031,10194,Computer,COMP-A,2026-27-SEM5,PEC,2026-07-15 10:17:16,25PEC13CE14,25PEC13CE11,25PEC13CE13
COMP2024A031,10194,Computer,COMP-A,2026-27-SEM5,PECL,2026-07-15 10:17:21,25PECL13CE15,25PECL13CE12,25PECL13CE13
COMP2024A031,10194,Computer,COMP-A,2026-27-SEM5,OE,2026-07-15 10:17:26,25OE13CE32,25OE13CE31,25OE13CE32
COMP2024A032,10195,Computer,COMP-A,2026-27-SEM5,PEC,2026-07-15 10:18:01,25PEC13CE11,25PEC13CE12,25PEC13CE13
COMP2024A032,10195,Computer,COMP-A,2026-27-SEM5,PECL,2026-07-15 10:18:06,25PECL13CE11,25PECL13CE12,25PECL13CE13
COMP2024A032,10195,Computer,COMP-A,2026-27-SEM5,OE,2026-07-15 10:18:11,25OE13CE31,25OE13CE32,25OE13CE31
COMP2024A033,10196,Computer,COMP-A,2026-27-SEM5,PEC,2026-07-15 10:18:46,25PEC13CE12,25PEC13CE13,25PEC13CE14
COMP2024A033,10196,Computer,COMP-A,2026-27-SEM5,PECL,2026-07-15 10:18:51,25PECL13CE12,25PECL13CE15,25PECL13CE11
COMP2024A033,10196,Computer,COMP-A,2026-27-SEM5,OE,2026-07-15 10:18:56,25OE13CE32,25OE13CE31,25OE13CE32
COMP2024A034,10197,Computer,COMP-A,2026-27-SEM5,PEC,2026-07-15 10:19:31,25PEC13CE13,25PEC13CE11,25PEC13CE12
COMP2024A034,10197,Computer,COMP-A,2026-27-SEM5,PECL,2026-07-15 10:19:36,25PECL13CE13,25PECL13CE11,25PECL13CE15
COMP2024A034,10197,Computer,COMP-A,2026-27-SEM5,OE,2026-07-15 10:19:41,25OE13CE31,25OE13CE32,25OE13CE31
COMP2024A035,10198,Computer,COMP-A,2026-27-SEM5,PEC,2026-07-15 10:20:16,25PEC13CE14,25PEC13CE11,25PEC13CE13
COMP2024A035,10198,Computer,COMP-A,2026-27-SEM5,PECL,2026-07-15 10:20:21,25PECL13CE15,25PECL13CE12,25PECL13CE13
COMP2024A035,10198,Computer,COMP-A,2026-27-SEM5,OE,2026-07-15 10:20:26,25OE13CE32,25OE13CE31,25OE13CE32
COMP2024A036,10199,Computer,COMP-A,2026-27-SEM5,PEC,2026-07-15 10:21:01,25PEC13CE11,25PEC13CE12,25PEC13CE13
COMP2024A036,10199,Computer,COMP-A,2026-27-SEM5,PECL,2026-07-15 10:21:06,25PECL13CE11,25PECL13CE12,25PECL13CE13
COMP2024A036,10199,Computer,COMP-A,2026-27-SEM5,OE,2026-07-15 10:21:11,25OE13CE31,25OE13CE32,25OE13CE31
COMP2024A037,10200,Computer,COMP-A,2026-27-SEM5,PEC,2026-07-15 10:21:46,25PEC13CE12,25PEC13CE13,25PEC13CE14
COMP2024A037,10200,Computer,COMP-A,2026-27-SEM5,PECL,2026-07-15 10:21:51,25PECL13CE12,25PECL13CE15,25PECL13CE11
COMP2024A037,10200,Computer,COMP-A,2026-27-SEM5,OE,2026-07-15 10:21:56,25OE13CE32,25OE13CE31,25OE13CE32
COMP2024A038,10201,Computer,COMP-A,2026-27-SEM5,PEC,2026-07-15 10:22:31,25PEC13CE13,25PEC13CE11,25PEC13CE12
COMP2024A038,10201,Computer,COMP-A,2026-27-SEM5,PECL,2026-07-15 10:22:36,25PECL13CE13,25PECL13CE11,25PECL13CE15
COMP2024A038,10201,Computer,COMP-A,2026-27-SEM5,OE,2026-07-15 10:22:41,25OE13CE31,25OE13CE32,25OE13CE31
COMP2024A039,10202,Computer,COMP-A,2026-27-SEM5,PEC,2026-07-15 10:23:16,25PEC13CE14,25PEC13CE11,25PEC13CE13
COMP2024A039,10202,Computer,COMP-A,2026-27-SEM5,PECL,2026-07-15 10:23:21,25PECL13CE15,25PECL13CE12,25PECL13CE13
COMP2024A039,10202,Computer,COMP-A,2026-27-SEM5,OE,2026-07-15 10:23:26,25OE13CE32,25OE13CE31,25OE13CE32
COMP2024A040,10203,Computer,COMP-A,2026-27-SEM5,PEC,2026-07-15 10:24:01,25PEC13CE11,25PEC13CE12,25PEC13CE13
COMP2024A040,10203,Computer,COMP-A,2026-27-SEM5,PECL,2026-07-15 10:24:06,25PECL13CE11,25PECL13CE12,25PECL13CE13
COMP2024A040,10203,Computer,COMP-A,2026-27-SEM5,OE,2026-07-15 10:24:11,25OE13CE31,25OE13CE32,25OE13CE31
COMP2024A041,10204,Computer,COMP-A,2026-27-SEM5,PEC,2026-07-15 10:24:46,25PEC13CE12,25PEC13CE13,25PEC13CE14
COMP2024A041,10204,Computer,COMP-A,2026-27-SEM5,PECL,2026-07-15 10:24:51,25PECL13CE12,25PECL13CE15,25PECL13CE11
COMP2024A041,10204,Computer,COMP-A,2026-27-SEM5,OE,2026-07-15 10:24:56,25OE13CE32,25OE13CE31,25OE13CE32
COMP2024A042,10205,Computer,COMP-A,2026-27-SEM5,PEC,2026-07-15 10:25:31,25PEC13CE13,25PEC13CE11,25PEC13CE12
COMP2024A042,10205,Computer,COMP-A,2026-27-SEM5,PECL,2026-07-15 10:25:36,25PECL13CE13,25PECL13CE11,25PECL13CE15
COMP2024A042,10205,Computer,COMP-A,2026-27-SEM5,OE,2026-07-15 10:25:41,25OE13CE31,25OE13CE32,25OE13CE31
COMP2024A043,10206,Computer,COMP-A,2026-27-SEM5,PEC,2026-07-15 10:26:16,25PEC13CE14,25PEC13CE11,25PEC13CE13
COMP2024A043,10206,Computer,COMP-A,2026-27-SEM5,PECL,2026-07-15 10:26:21,25PECL13CE15,25PECL13CE12,25PECL13CE13
COMP2024A043,10206,Computer,COMP-A,2026-27-SEM5,OE,2026-07-15 10:26:26,25OE13CE32,25OE13CE31,25OE13CE32
COMP2024A044,10207,Computer,COMP-A,2026-27-SEM5,PEC,2026-07-15 10:27:01,25PEC13CE11,25PEC13CE12,25PEC13CE13
COMP2024A044,10207,Computer,COMP-A,2026-27-SEM5,PECL,2026-07-15 10:27:06,25PECL13CE11,25PECL13CE12,25PECL13CE13
COMP2024A044,10207,Computer,COMP-A,2026-27-SEM5,OE,2026-07-15 10:27:11,25OE13CE31,25OE13CE32,25OE13CE31
COMP2024A045,10209,Computer,COMP-A,2026-27-SEM5,PEC,2026-07-15 10:27:46,25PEC13CE12,25PEC13CE13,25PEC13CE14
COMP2024A045,10209,Computer,COMP-A,2026-27-SEM5,PECL,2026-07-15 10:27:51,25PECL13CE12,25PECL13CE15,25PECL13CE11
COMP2024A045,10209,Computer,COMP-A,2026-27-SEM5,OE,2026-07-15 10:27:56,25OE13CE32,25OE13CE31,25OE13CE32
COMP2024A046,10210,Computer,COMP-A,2026-27-SEM5,PEC,2026-07-15 10:28:31,25PEC13CE13,25PEC13CE11,25PEC13CE12
COMP2024A046,10210,Computer,COMP-A,2026-27-SEM5,PECL,2026-07-15 10:28:36,25PECL13CE13,25PECL13CE11,25PECL13CE15
COMP2024A046,10210,Computer,COMP-A,2026-27-SEM5,OE,2026-07-15 10:28:41,25OE13CE31,25OE13CE32,25OE13CE31
COMP2024A047,10211,Computer,COMP-A,2026-27-SEM5,PEC,2026-07-15 10:29:16,25PEC13CE14,25PEC13CE11,25PEC13CE13
COMP2024A047,10211,Computer,COMP-A,2026-27-SEM5,PECL,2026-07-15 10:29:21,25PECL13CE15,25PECL13CE12,25PECL13CE13
COMP2024A047,10211,Computer,COMP-A,2026-27-SEM5,OE,2026-07-15 10:29:26,25OE13CE32,25OE13CE31,25OE13CE32
COMP2024A048,10212,Computer,COMP-A,2026-27-SEM5,PEC,2026-07-15 10:30:01,25PEC13CE11,25PEC13CE12,25PEC13CE13
COMP2024A048,10212,Computer,COMP-A,2026-27-SEM5,PECL,2026-07-15 10:30:06,25PECL13CE11,25PECL13CE12,25PECL13CE13
COMP2024A048,10212,Computer,COMP-A,2026-27-SEM5,OE,2026-07-15 10:30:11,25OE13CE31,25OE13CE32,25OE13CE31
COMP2024A049,10213,Computer,COMP-A,2026-27-SEM5,PEC,2026-07-15 10:30:46,25PEC13CE12,25PEC13CE13,25PEC13CE14
COMP2024A049,10213,Computer,COMP-A,2026-27-SEM5,PECL,2026-07-15 10:30:51,25PECL13CE12,25PECL13CE15,25PECL13CE11
COMP2024A049,10213,Computer,COMP-A,2026-27-SEM5,OE,2026-07-15 10:30:56,25OE13CE32,25OE13CE31,25OE13CE32
COMP2024A050,10214,Computer,COMP-A,2026-27-SEM5,PEC,2026-07-15 10:31:31,25PEC13CE13,25PEC13CE11,25PEC13CE12
COMP2024A050,10214,Computer,COMP-A,2026-27-SEM5,PECL,2026-07-15 10:31:36,25PECL13CE13,25PECL13CE11,25PECL13CE15
COMP2024A050,10214,Computer,COMP-A,2026-27-SEM5,OE,2026-07-15 10:31:41,25OE13CE31,25OE13CE32,25OE13CE31
COMP2024A051,10215,Computer,COMP-A,2026-27-SEM5,PEC,2026-07-15 10:32:16,25PEC13CE14,25PEC13CE11,25PEC13CE13
COMP2024A051,10215,Computer,COMP-A,2026-27-SEM5,PECL,2026-07-15 10:32:21,25PECL13CE15,25PECL13CE12,25PECL13CE13
COMP2024A051,10215,Computer,COMP-A,2026-27-SEM5,OE,2026-07-15 10:32:26,25OE13CE32,25OE13CE31,25OE13CE32
COMP2024A052,10216,Computer,COMP-A,2026-27-SEM5,PEC,2026-07-15 10:33:01,25PEC13CE11,25PEC13CE12,25PEC13CE13
COMP2024A052,10216,Computer,COMP-A,2026-27-SEM5,PECL,2026-07-15 10:33:06,25PECL13CE11,25PECL13CE12,25PECL13CE13
COMP2024A052,10216,Computer,COMP-A,2026-27-SEM5,OE,2026-07-15 10:33:11,25OE13CE31,25OE13CE32,25OE13CE31
COMP2024A053,10217,Computer,COMP-A,2026-27-SEM5,PEC,2026-07-15 10:33:46,25PEC13CE12,25PEC13CE13,25PEC13CE14
COMP2024A053,10217,Computer,COMP-A,2026-27-SEM5,PECL,2026-07-15 10:33:51,25PECL13CE12,25PECL13CE15,25PECL13CE11
COMP2024A053,10217,Computer,COMP-A,2026-27-SEM5,OE,2026-07-15 10:33:56,25OE13CE32,25OE13CE31,25OE13CE32
COMP2024A054,10218,Computer,COMP-A,2026-27-SEM5,PEC,2026-07-15 10:34:31,25PEC13CE13,25PEC13CE11,25PEC13CE12
COMP2024A054,10218,Computer,COMP-A,2026-27-SEM5,PECL,2026-07-15 10:34:36,25PECL13CE13,25PECL13CE11,25PECL13CE15
COMP2024A054,10218,Computer,COMP-A,2026-27-SEM5,OE,2026-07-15 10:34:41,25OE13CE31,25OE13CE32,25OE13CE31
COMP2024A055,10219,Computer,COMP-A,2026-27-SEM5,PEC,2026-07-15 10:35:16,25PEC13CE14,25PEC13CE11,25PEC13CE13
COMP2024A055,10219,Computer,COMP-A,2026-27-SEM5,PECL,2026-07-15 10:35:21,25PECL13CE15,25PECL13CE12,25PECL13CE13
COMP2024A055,10219,Computer,COMP-A,2026-27-SEM5,OE,2026-07-15 10:35:26,25OE13CE32,25OE13CE31,25OE13CE32
COMP2024A056,10220,Computer,COMP-A,2026-27-SEM5,PEC,2026-07-15 10:36:01,25PEC13CE11,25PEC13CE12,25PEC13CE13
COMP2024A056,10220,Computer,COMP-A,2026-27-SEM5,PECL,2026-07-15 10:36:06,25PECL13CE11,25PECL13CE12,25PECL13CE13
COMP2024A056,10220,Computer,COMP-A,2026-27-SEM5,OE,2026-07-15 10:36:11,25OE13CE31,25OE13CE32,25OE13CE31
COMP2024A057,10221,Computer,COMP-A,2026-27-SEM5,PEC,2026-07-15 10:36:46,25PEC13CE12,25PEC13CE13,25PEC13CE14
COMP2024A057,10221,Computer,COMP-A,2026-27-SEM5,PECL,2026-07-15 10:36:51,25PECL13CE12,25PECL13CE15,25PECL13CE11
COMP2024A057,10221,Computer,COMP-A,2026-27-SEM5,OE,2026-07-15 10:36:56,25OE13CE32,25OE13CE31,25OE13CE32
COMP2024A058,10222,Computer,COMP-A,2026-27-SEM5,PEC,2026-07-15 10:37:31,25PEC13CE13,25PEC13CE11,25PEC13CE12
COMP2024A058,10222,Computer,COMP-A,2026-27-SEM5,PECL,2026-07-15 10:37:36,25PECL13CE13,25PECL13CE11,25PECL13CE15
COMP2024A058,10222,Computer,COMP-A,2026-27-SEM5,OE,2026-07-15 10:37:41,25OE13CE31,25OE13CE32,25OE13CE31
COMP2024A059,10223,Computer,COMP-A,2026-27-SEM5,PEC,2026-07-15 10:38:16,25PEC13CE14,25PEC13CE11,25PEC13CE13
COMP2024A059,10223,Computer,COMP-A,2026-27-SEM5,PECL,2026-07-15 10:38:21,25PECL13CE15,25PECL13CE12,25PECL13CE13
COMP2024A059,10223,Computer,COMP-A,2026-27-SEM5,OE,2026-07-15 10:38:26,25OE13CE32,25OE13CE31,25OE13CE32
COMP2024A060,10224,Computer,COMP-A,2026-27-SEM5,PEC,2026-07-15 10:39:01,25PEC13CE11,25PEC13CE12,25PEC13CE13
COMP2024A060,10224,Computer,COMP-A,2026-27-SEM5,PECL,2026-07-15 10:39:06,25PECL13CE11,25PECL13CE12,25PECL13CE13
COMP2024A060,10224,Computer,COMP-A,2026-27-SEM5,OE,2026-07-15 10:39:11,25OE13CE31,25OE13CE32,25OE13CE31
COMP2024A061,10225,Computer,COMP-A,2026-27-SEM5,PEC,2026-07-15 10:39:46,25PEC13CE12,25PEC13CE13,25PEC13CE14
COMP2024A061,10225,Computer,COMP-A,2026-27-SEM5,PECL,2026-07-15 10:39:51,25PECL13CE12,25PECL13CE15,25PECL13CE11
COMP2024A061,10225,Computer,COMP-A,2026-27-SEM5,OE,2026-07-15 10:39:56,25OE13CE32,25OE13CE31,25OE13CE32
COMP2024A062,10460,Computer,COMP-A,2026-27-SEM5,PEC,2026-07-15 10:40:31,25PEC13CE13,25PEC13CE11,25PEC13CE12
COMP2024A062,10460,Computer,COMP-A,2026-27-SEM5,PECL,2026-07-15 10:40:36,25PECL13CE13,25PECL13CE11,25PECL13CE15
COMP2024A062,10460,Computer,COMP-A,2026-27-SEM5,OE,2026-07-15 10:40:41,25OE13CE31,25OE13CE32,25OE13CE31
COMP2024A063,10461,Computer,COMP-A,2026-27-SEM5,PEC,2026-07-15 10:41:16,25PEC13CE14,25PEC13CE11,25PEC13CE13
COMP2024A063,10461,Computer,COMP-A,2026-27-SEM5,PECL,2026-07-15 10:41:21,25PECL13CE15,25PECL13CE12,25PECL13CE13
COMP2024A063,10461,Computer,COMP-A,2026-27-SEM5,OE,2026-07-15 10:41:26,25OE13CE32,25OE13CE31,25OE13CE32
COMP2024A064,10462,Computer,COMP-A,2026-27-SEM5,PEC,2026-07-15 10:42:01,25PEC13CE11,25PEC13CE12,25PEC13CE13
COMP2024A064,10462,Computer,COMP-A,2026-27-SEM5,PECL,2026-07-15 10:42:06,25PECL13CE11,25PECL13CE12,25PECL13CE13
COMP2024A064,10462,Computer,COMP-A,2026-27-SEM5,OE,2026-07-15 10:42:11,25OE13CE31,25OE13CE32,25OE13CE31
COMP2024A065,10463,Computer,COMP-A,2026-27-SEM5,PEC,2026-07-15 10:42:46,25PEC13CE12,25PEC13CE13,25PEC13CE14
COMP2024A065,10463,Computer,COMP-A,2026-27-SEM5,PECL,2026-07-15 10:42:51,25PECL13CE12,25PECL13CE15,25PECL13CE11
COMP2024A065,10463,Computer,COMP-A,2026-27-SEM5,OE,2026-07-15 10:42:56,25OE13CE32,25OE13CE31,25OE13CE32
COMP2024A066,10464,Computer,COMP-A,2026-27-SEM5,PEC,2026-07-15 10:43:31,25PEC13CE13,25PEC13CE11,25PEC13CE12
COMP2024A066,10464,Computer,COMP-A,2026-27-SEM5,PECL,2026-07-15 10:43:36,25PECL13CE13,25PECL13CE11,25PECL13CE15
COMP2024A066,10464,Computer,COMP-A,2026-27-SEM5,OE,2026-07-15 10:43:41,25OE13CE31,25OE13CE32,25OE13CE31
COMP2024A067,10465,Computer,COMP-A,2026-27-SEM5,PEC,2026-07-15 10:44:16,25PEC13CE14,25PEC13CE11,25PEC13CE13
COMP2024A067,10465,Computer,COMP-A,2026-27-SEM5,PECL,2026-07-15 10:44:21,25PECL13CE15,25PECL13CE12,25PECL13CE13
COMP2024A067,10465,Computer,COMP-A,2026-27-SEM5,OE,2026-07-15 10:44:26,25OE13CE32,25OE13CE31,25OE13CE32
COMP2024A001,9912,Computer,COMP-A,2026-27-SEM5,PEC,2026-07-15 10:45:01,25PEC13CE11,25PEC13CE12,25PEC13CE13
COMP2024A001,9912,Computer,COMP-A,2026-27-SEM5,PECL,2026-07-15 10:45:06,25PECL13CE11,25PECL13CE12,25PECL13CE13
COMP2024A001,9912,Computer,COMP-A,2026-27-SEM5,OE,2026-07-15 10:45:11,25OE13CE31,25OE13CE32,25OE13CE31
